OrderID,Date,Region,Product,Quantity,UnitPrice,Discount,CustomerType,PaymentMethod,Returned,ShippingCost,TotalPrice
ORD10001,2026-01-01 00:00:00.000000000,West,Printer,3,8000,0.19,New,UPI,0,215.5,19440.0
ORD10002,2026-01-01 04:21:17.651767845,Central,Monitor,1,1500,0.06,New,Debit Card,0,61.45,1410.0
ORD10003,2026-01-01 08:42:35.303535690,East,Phone,3,500,0.15,New,Debit Card,0,339.24,1275.0
ORD10004,2026-01-01 13:03:52.955303535,Central,Monitor,6,25000,0.1,New,,1,451.73,135000.0
ORD10005,2026-01-01 17:25:10.607071380,Central,Tablet,8,2500,0.21,Returning,UPI,1,448.19,15800.0
ORD10006,2026-01-01 21:46:28.258839226,South,Printer,10,800,0.24,Returning,Debit Card,0,364.8,6080.0
ORD10007,2026-01-02 02:07:45.910607071,East,Laptop,6,12000,0.22,Returning,Net Banking,0,259.6,56160.0
ORD10008,2026-01-02 06:29:03.562374916,East,Monitor,5,800,0.07,New,Credit Card,0,280.41,3720.0
ORD10009,2026-01-02 10:50:21.214142761,East,Mouse,4,1200,0.05,Returning,Credit Card,1,111.61,4560.0
ORD10010,2026-01-02 15:11:38.865910607,Central,Laptop,3,55000,0.12,New,UPI,0,203.46,145200.0
ORD10011,2026-01-02 19:32:56.517678452,West,Phone,4,500,0.0,Returning,Cash,0,134.48,2000.0
ORD10012,2026-01-02 23:54:14.169446297,East,Mouse,7,800,0.01,New,Net Banking,0,419.54,5544.0
ORD10013,2026-01-03 04:15:31.821214142,Central,Laptop,1,8000,0.14,VIP,UPI,0,461.64,6880.0
ORD10014,2026-01-03 08:36:49.472981988,South,Mouse,7,55000,0.13,Returning,Credit Card,0,291.62,334950.0
ORD10015,2026-01-03 12:58:07.124749833,West,Phone,1,800,0.25,Returning,UPI,0,377.49,600.0
ORD10016,2026-01-03 17:19:24.776517678,South,Printer,2,5000,0.05,New,Net Banking,1,104.66,9500.0
ORD10017,2026-01-03 21:40:42.428285523,West,Tablet,4,1200,0.06,New,Debit Card,0,323.84,4512.0
ORD10018,2026-01-04 02:02:00.080053368,Central,Phone,1,1500,0.03,New,Net Banking,0,366.26,1455.0
ORD10019,2026-01-04 06:23:17.731821214,North,Phone,9,12000,0.23,VIP,Debit Card,0,253.75,83160.0
ORD10020,2026-01-04 10:44:35.383589059,West,Mouse,6,1200,0.19,VIP,Debit Card,0,159.47,5832.0
ORD10021,2026-01-04 15:05:53.035356904,South,Printer,1,55000,0.21,New,Debit Card,0,444.82,43450.0
ORD10022,2026-01-04 19:27:10.687124749,Central,Headphones,1,5000,0.23,Returning,UPI,0,384.31,3850.0
ORD10023,2026-01-04 23:48:28.338892595,West,Keyboard,6,500,0.13,Returning,Credit Card,0,454.94,2610.0
ORD10024,2026-01-05 04:09:45.990660440,North,Monitor,4,8000,0.11,Returning,UPI,1,418.28,28480.0
ORD10025,2026-01-05 08:31:03.642428285,North,Monitor,4,12000,0.08,New,Credit Card,0,495.67,44160.0
ORD10026,2026-01-05 12:52:21.294196130,East,Tablet,6,12000,0.15,New,Net Banking,0,136.48,61200.0
ORD10027,2026-01-05 17:13:38.945963976,East,Tablet,7,1200,0.11,New,Cash,0,89.04,7476.0
ORD10028,2026-01-05 21:34:56.597731821,South,Monitor,9,55000,0.11,Returning,Net Banking,0,201.65,440550.0
ORD10029,2026-01-06 01:56:14.249499666,West,Keyboard,10,500,0.23,Returning,UPI,1,108.05,3850.0
ORD10030,2026-01-06 06:17:31.901267511,West,Monitor,5,25000,0.25,Returning,UPI,0,285.41,93750.0
ORD10031,2026-01-06 10:38:49.553035356,East,Headphones,9,5000,0.2,VIP,Credit Card,0,334.86,36000.0
ORD10032,2026-01-06 15:00:07.204803202,West,Keyboard,4,25000,0.19,Returning,UPI,0,310.23,81000.0
ORD10033,2026-01-06 19:21:24.856571047,West,Tablet,10,8000,0.17,VIP,Debit Card,0,166.66,66400.0
ORD10034,2026-01-06 23:42:42.508338892,North,Laptop,2,500,0.04,Returning,UPI,0,458.97,960.0
ORD10035,2026-01-07 04:04:00.160106737,East,Mouse,3,500,0.01,New,Credit Card,0,59.53,1485.0
ORD10036,2026-01-07 08:25:17.811874583,Central,Headphones,1,5000,0.17,VIP,Credit Card,0,206.61,4150.0
ORD10037,2026-01-07 12:46:35.463642428,East,Headphones,6,2500,0.18,Returning,Debit Card,0,373.55,12300.0
ORD10038,2026-01-07 17:07:53.115410273,Central,Printer,6,25000,0.01,New,Credit Card,0,395.12,148500.0
ORD10039,2026-01-07 21:29:10.767178118,North,Tablet,1,800,0.23,New,Cash,0,237.25,616.0
ORD10040,2026-01-08 01:50:28.418945964,South,Tablet,3,12000,0.02,New,Net Banking,0,57.61,35280.0
ORD10041,2026-01-08 06:11:46.070713809,West,Phone,5,2500,0.07,Returning,UPI,0,328.12,11625.0
ORD10042,2026-01-08 10:33:03.722481654,North,Headphones,3,800,0.17,VIP,Cash,0,78.39,1992.0
ORD10043,2026-01-08 14:54:21.374249499,West,Phone,10,55000,0.04,VIP,,0,98.54,528000.0
ORD10044,2026-01-08 19:15:39.026017344,South,Phone,3,5000,0.01,VIP,Cash,0,342.61,14850.0
ORD10045,2026-01-08 23:36:56.677785190,South,Mouse,10,55000,0.08,New,UPI,0,190.62,506000.0
ORD10046,2026-01-09 03:58:14.329553035,North,Phone,3,12000,0.19,New,Debit Card,0,206.61,29160.0
ORD10047,2026-01-09 08:19:31.981320880,South,Keyboard,5,1500,0.1,New,Credit Card,0,269.06,6750.0
ORD10048,2026-01-09 12:40:49.633088725,Central,Monitor,5,800,0.16,VIP,Credit Card,0,490.36,3360.0
ORD10049,2026-01-09 17:02:07.284856571,South,Laptop,4,2500,0.14,New,Debit Card,0,484.45,8600.0
ORD10050,2026-01-09 21:23:24.936624416,West,Tablet,1,800,0.01,Returning,Cash,1,237.32,792.0
ORD10051,2026-01-10 01:44:42.588392261,West,Keyboard,5,800,0.25,Returning,Net Banking,0,169.47,3000.0
ORD10052,2026-01-10 06:06:00.240160106,West,Laptop,10,5000,0.01,New,Cash,0,186.17,49500.0
ORD10053,2026-01-10 10:27:17.891927952,West,Headphones,5,55000,0.24,New,Credit Card,0,170.95,209000.0
ORD10054,2026-01-10 14:48:35.543695797,Central,Headphones,4,25000,0.14,VIP,Net Banking,0,289.51,86000.0
ORD10055,2026-01-10 19:09:53.195463642,East,Headphones,6,1500,0.24,VIP,UPI,0,323.09,6840.0
ORD10056,2026-01-10 23:31:10.847231487,North,Keyboard,10,5000,0.03,New,Net Banking,0,269.95,48500.0
ORD10057,2026-01-11 03:52:28.498999332,West,Keyboard,4,8000,0.12,Returning,Cash,0,233.6,28160.0
ORD10058,2026-01-11 08:13:46.150767178,South,Tablet,7,5000,0.04,VIP,Debit Card,0,145.08,33600.0
ORD10059,2026-01-11 12:35:03.802535023,West,Monitor,7,12000,0.01,New,UPI,0,267.13,83160.0
ORD10060,2026-01-11 16:56:21.454302868,South,Printer,2,1500,0.15,New,Cash,0,203.5,2550.0
ORD10061,2026-01-11 21:17:39.106070713,South,Phone,3,500,0.05,New,,0,293.72,1425.0
ORD10062,2026-01-12 01:38:56.757838559,West,Headphones,1,8000,0.15,Returning,Net Banking,0,353.84,6800.0
ORD10063,2026-01-12 06:00:14.409606404,Central,Mouse,8,1200,0.03,New,Credit Card,0,334.99,9312.0
ORD10064,2026-01-12 10:21:32.061374249,South,Monitor,9,5000,0.08,New,Cash,0,258.12,41400.0
ORD10065,2026-01-12 14:42:49.713142094,South,Mouse,4,800,0.2,New,Debit Card,0,300.22,2560.0
ORD10066,2026-01-12 19:04:07.364909940,West,Tablet,6,25000,0.11,Returning,Net Banking,0,178.19,133500.0
ORD10067,2026-01-12 23:25:25.016677785,South,Tablet,9,500,0.16,VIP,Cash,0,60.91,3780.0
ORD10068,2026-01-13 03:46:42.668445630,South,Tablet,6,5000,0.16,Returning,Debit Card,1,331.26,25200.0
ORD10069,2026-01-13 08:08:00.320213475,West,Laptop,9,5000,0.21,Returning,Cash,0,163.66,35550.0
ORD10070,2026-01-13 12:29:17.971981320,West,Mouse,4,2500,0.08,Returning,Net Banking,1,351.03,9200.0
ORD10071,2026-01-13 16:50:35.623749166,North,Monitor,8,2500,0.17,New,Cash,0,386.15,16600.0
ORD10072,2026-01-13 21:11:53.275517011,Central,Printer,9,500,0.24,New,UPI,0,462.17,3420.0
ORD10073,2026-01-14 01:33:10.927284856,Central,Monitor,4,55000,0.18,VIP,Net Banking,0,481.16,180400.0
ORD10074,2026-01-14 05:54:28.579052701,South,Keyboard,5,2500,0.12,New,Cash,0,54.74,11000.0
ORD10075,2026-01-14 10:15:46.230820547,Central,Keyboard,8,800,0.16,New,Credit Card,0,495.67,5376.0
ORD10076,2026-01-14 14:37:03.882588392,South,Headphones,10,8000,0.18,Returning,Cash,0,357.36,65600.0
ORD10077,2026-01-14 18:58:21.534356237,North,Printer,6,1200,0.15,New,UPI,1,339.59,6120.0
ORD10078,2026-01-14 23:19:39.186124082,West,Keyboard,7,1500,0.0,New,Debit Card,0,56.85,10500.0
ORD10079,2026-01-15 03:40:56.837891928,West,Tablet,3,1200,0.05,VIP,Debit Card,0,437.56,3420.0
ORD10080,2026-01-15 08:02:14.489659773,West,Monitor,7,1200,0.2,VIP,Debit Card,0,115.47,6720.0
ORD10081,2026-01-15 12:23:32.141427618,Central,Mouse,8,1500,0.07,New,Credit Card,0,426.8,11160.0
ORD10082,2026-01-15 16:44:49.793195463,North,Tablet,10,2500,0.18,VIP,UPI,0,57.0,20500.0
ORD10083,2026-01-15 21:06:07.444963309,Central,Laptop,6,500,0.09,Returning,Net Banking,0,340.68,2730.0
ORD10084,2026-01-16 01:27:25.096731154,Central,Keyboard,10,1500,0.13,Returning,Debit Card,0,245.66,13050.0
ORD10085,2026-01-16 05:48:42.748498999,North,Tablet,9,12000,0.02,New,UPI,0,140.35,105840.0
ORD10086,2026-01-16 10:10:00.400266844,North,Tablet,6,55000,0.05,New,Cash,0,98.4,313500.0
ORD10087,2026-01-16 14:31:18.052034689,North,Laptop,9,8000,0.24,Returning,Credit Card,0,248.06,54720.0
ORD10088,2026-01-16 18:52:35.703802535,North,Phone,4,25000,0.22,VIP,UPI,1,105.49,78000.0
ORD10089,2026-01-16 23:13:53.355570380,West,Monitor,8,2500,0.16,Returning,UPI,0,268.9,16800.0
ORD10090,2026-01-17 03:35:11.007338225,East,Mouse,4,55000,0.11,New,Net Banking,0,331.35,195800.0
ORD10091,2026-01-17 07:56:28.659106070,East,Headphones,2,1500,0.17,New,UPI,1,422.32,2490.0
ORD10092,2026-01-17 12:17:46.310873916,North,Phone,10,12000,0.15,Returning,Net Banking,0,355.39,102000.0
ORD10093,2026-01-17 16:39:03.962641761,East,Keyboard,9,25000,0.14,New,Credit Card,0,79.34,193500.0
ORD10094,2026-01-17 21:00:21.614409606,East,Tablet,5,8000,0.01,Returning,Credit Card,0,188.34,39600.0
ORD10095,2026-01-18 01:21:39.266177451,North,Printer,4,8000,0.16,New,Cash,0,179.59,26880.0
ORD10096,2026-01-18 05:42:56.917945297,East,Laptop,2,2500,0.19,New,Net Banking,0,461.76,4050.0
ORD10097,2026-01-18 10:04:14.569713142,Central,Laptop,1,1500,0.25,Returning,Net Banking,0,440.5,1125.0
ORD10098,2026-01-18 14:25:32.221480987,South,Printer,7,55000,0.0,Returning,Debit Card,0,216.57,385000.0
ORD10099,2026-01-18 18:46:49.873248832,South,Monitor,6,500,0.18,New,Debit Card,0,82.02,2460.0
ORD10100,2026-01-18 23:08:07.525016677,North,Phone,2,55000,0.14,New,Cash,0,452.35,94600.0
ORD10101,2026-01-19 03:29:25.176784523,West,Headphones,8,55000,0.11,Returning,Credit Card,1,449.69,391600.0
ORD10102,2026-01-19 07:50:42.828552368,North,Monitor,4,8000,0.03,New,Debit Card,0,434.64,31040.0
ORD10103,2026-01-19 12:12:00.480320213,West,Printer,8,500,0.1,Returning,UPI,0,430.29,3600.0
ORD10104,2026-01-19 16:33:18.132088058,South,Tablet,7,500,0.09,VIP,Credit Card,0,266.11,3185.0
ORD10105,2026-01-19 20:54:35.783855904,North,Printer,5,2500,0.08,New,UPI,0,129.84,11500.0
ORD10106,2026-01-20 01:15:53.435623749,Central,Monitor,10,25000,0.18,VIP,Net Banking,1,264.87,205000.0
ORD10107,2026-01-20 05:37:11.087391594,East,Mouse,10,5000,0.18,New,Credit Card,0,272.57,41000.0
ORD10108,2026-01-20 09:58:28.739159439,West,Laptop,8,1200,0.15,Returning,Cash,0,270.47,8160.0
ORD10109,2026-01-20 14:19:46.390927285,East,Laptop,9,1200,0.23,New,Net Banking,0,292.45,8316.0
ORD10110,2026-01-20 18:41:04.042695130,East,Keyboard,5,8000,0.09,VIP,Net Banking,0,165.95,36400.0
ORD10111,2026-01-20 23:02:21.694462975,North,Keyboard,10,5000,0.06,New,UPI,0,214.81,47000.0
ORD10112,2026-01-21 03:23:39.346230820,East,Printer,5,25000,0.16,New,Net Banking,0,245.38,105000.0
ORD10113,2026-01-21 07:44:56.997998665,Central,Headphones,2,5000,0.05,VIP,Debit Card,1,109.0,9500.0
ORD10114,2026-01-21 12:06:14.649766511,East,Tablet,5,2500,0.08,Returning,Credit Card,0,254.91,11500.0
ORD10115,2026-01-21 16:27:32.301534356,North,Mouse,3,55000,0.06,Returning,Debit Card,1,414.71,155100.0
ORD10116,2026-01-21 20:48:49.953302201,Central,Phone,7,8000,0.02,New,UPI,0,422.63,54880.0
ORD10117,2026-01-22 01:10:07.605070046,South,Monitor,10,500,0.21,Returning,UPI,0,235.2,3950.0
ORD10118,2026-01-22 05:31:25.256837892,East,Headphones,5,8000,0.06,New,Credit Card,1,283.46,37600.0
ORD10119,2026-01-22 09:52:42.908605737,North,Tablet,8,1200,0.12,New,Net Banking,1,65.14,8448.0
ORD10120,2026-01-22 14:14:00.560373582,South,Keyboard,1,25000,0.01,Returning,Cash,0,353.49,24750.0
ORD10121,2026-01-22 18:35:18.212141427,South,Printer,3,5000,0.17,New,UPI,0,232.07,12450.0
ORD10122,2026-01-22 22:56:35.863909273,West,Monitor,3,25000,0.08,VIP,Credit Card,0,250.46,69000.0
ORD10123,2026-01-23 03:17:53.515677118,Central,Keyboard,9,2500,0.19,VIP,Cash,0,443.15,18225.0
ORD10124,2026-01-23 07:39:11.167444963,East,Printer,5,8000,0.1,Returning,Net Banking,0,257.83,36000.0
ORD10125,2026-01-23 12:00:28.819212808,North,Monitor,9,1500,0.05,Returning,UPI,0,59.54,12825.0
ORD10126,2026-01-23 16:21:46.470980653,West,Phone,9,8000,0.13,Returning,Credit Card,0,152.37,62640.0
ORD10127,2026-01-23 20:43:04.122748499,Central,Tablet,1,500,0.03,New,Credit Card,0,264.03,485.0
ORD10128,2026-01-24 01:04:21.774516344,West,Monitor,2,8000,0.11,Returning,Credit Card,0,240.98,14240.0
ORD10129,2026-01-24 05:25:39.426284189,Central,Mouse,5,12000,0.08,New,UPI,0,437.17,55200.0
ORD10130,2026-01-24 09:46:57.078052034,Central,Headphones,4,2500,0.23,New,Cash,0,293.96,7700.0
ORD10131,2026-01-24 14:08:14.729819880,East,Laptop,10,800,0.02,Returning,Credit Card,0,360.34,7840.0
ORD10132,2026-01-24 18:29:32.381587725,Central,Mouse,9,2500,0.17,Returning,Net Banking,0,261.2,18675.0
ORD10133,2026-01-24 22:50:50.033355570,West,Mouse,7,5000,0.05,VIP,Credit Card,0,247.85,33250.0
ORD10134,2026-01-25 03:12:07.685123415,Central,Headphones,6,800,0.08,New,Cash,1,250.83,4416.0
ORD10135,2026-01-25 07:33:25.336891261,East,Laptop,7,5000,0.1,Returning,UPI,1,234.91,31500.0
ORD10136,2026-01-25 11:54:42.988659106,East,Mouse,1,5000,0.23,New,Credit Card,1,292.36,3850.0
ORD10137,2026-01-25 16:16:00.640426951,West,Monitor,1,500,0.06,Returning,Credit Card,0,162.7,470.0
ORD10138,2026-01-25 20:37:18.292194796,South,Monitor,8,500,0.02,Returning,Net Banking,0,450.97,3920.0
ORD10139,2026-01-26 00:58:35.943962641,South,Monitor,2,55000,0.08,Returning,Net Banking,0,199.89,101200.0
ORD10140,2026-01-26 05:19:53.595730487,Central,Laptop,10,1200,0.03,New,Credit Card,0,116.39,11640.0
ORD10141,2026-01-26 09:41:11.247498332,North,Mouse,9,55000,0.03,New,Credit Card,0,93.45,480150.0
ORD10142,2026-01-26 14:02:28.899266177,Central,Printer,7,55000,0.14,New,Net Banking,0,56.04,331100.0
ORD10143,2026-01-26 18:23:46.551034022,West,Laptop,6,1200,0.02,Returning,Cash,0,240.29,7056.0
ORD10144,2026-01-26 22:45:04.202801868,West,Monitor,1,1500,0.01,VIP,Debit Card,0,134.42,1485.0
ORD10145,2026-01-27 03:06:21.854569713,West,Headphones,1,800,0.18,New,Debit Card,0,59.74,656.0
ORD10146,2026-01-27 07:27:39.506337558,West,Mouse,2,25000,0.09,Returning,Credit Card,0,284.01,45500.0
ORD10147,2026-01-27 11:48:57.158105403,West,Mouse,6,55000,0.03,VIP,Net Banking,0,355.99,320100.0
ORD10148,2026-01-27 16:10:14.809873249,East,Keyboard,6,8000,0.06,Returning,UPI,0,88.59,45120.0
ORD10149,2026-01-27 20:31:32.461641094,South,Keyboard,2,8000,0.16,Returning,UPI,0,257.41,13440.0
ORD10150,2026-01-28 00:52:50.113408939,West,Phone,1,5000,0.07,Returning,Debit Card,0,384.63,4650.0
ORD10151,2026-01-28 05:14:07.765176784,North,Printer,10,1200,0.12,New,Cash,0,493.61,10560.0
ORD10152,2026-01-28 09:35:25.416944630,North,Printer,5,5000,0.03,New,Debit Card,1,350.24,24250.0
ORD10153,2026-01-28 13:56:43.068712475,North,Tablet,5,12000,0.15,New,Credit Card,0,160.18,51000.0
ORD10154,2026-01-28 18:18:00.720480320,North,Printer,2,12000,0.08,VIP,Cash,0,372.45,22080.0
ORD10155,2026-01-28 22:39:18.372248165,East,Keyboard,6,25000,0.16,VIP,UPI,0,319.07,126000.0
ORD10156,2026-01-29 03:00:36.024016010,North,Laptop,9,500,0.2,Returning,Net Banking,0,145.31,3600.0
ORD10157,2026-01-29 07:21:53.675783856,West,Printer,2,500,0.15,New,Net Banking,0,433.0,850.0
ORD10158,2026-01-29 11:43:11.327551701,Central,Keyboard,10,1200,0.07,New,Credit Card,0,242.33,11160.0
ORD10159,2026-01-29 16:04:28.979319546,North,Phone,2,1200,0.06,New,Debit Card,0,482.89,2256.0
ORD10160,2026-01-29 20:25:46.631087391,East,Mouse,3,55000,0.08,New,Credit Card,1,375.31,151800.0
ORD10161,2026-01-30 00:47:04.282855237,East,Printer,7,12000,0.04,Returning,Net Banking,0,340.05,80640.0
ORD10162,2026-01-30 05:08:21.934623082,North,Phone,6,55000,0.05,VIP,UPI,0,377.76,313500.0
ORD10163,2026-01-30 09:29:39.586390927,Central,Mouse,8,500,0.2,VIP,Net Banking,0,265.14,3200.0
ORD10164,2026-01-30 13:50:57.238158772,North,Headphones,8,800,0.1,Returning,Cash,0,277.35,5760.0
ORD10165,2026-01-30 18:12:14.889926618,East,Headphones,6,800,0.11,New,Net Banking,0,433.04,4272.0
ORD10166,2026-01-30 22:33:32.541694463,South,Mouse,10,1200,0.15,New,Net Banking,0,356.42,10200.0
ORD10167,2026-01-31 02:54:50.193462308,West,Printer,3,5000,0.15,New,Cash,0,453.76,12750.0
ORD10168,2026-01-31 07:16:07.845230153,East,Tablet,3,500,0.02,Returning,Debit Card,0,450.87,1470.0
ORD10169,2026-01-31 11:37:25.496997998,North,Keyboard,1,800,0.21,Returning,Net Banking,0,489.42,632.0
ORD10170,2026-01-31 15:58:43.148765844,West,Laptop,7,500,0.04,New,Credit Card,0,365.1,3360.0
ORD10171,2026-01-31 20:20:00.800533689,North,Laptop,5,2500,0.18,New,Net Banking,0,276.04,10250.0
ORD10172,2026-02-01 00:41:18.452301534,North,Monitor,4,8000,0.19,New,Credit Card,0,124.84,25920.0
ORD10173,2026-02-01 05:02:36.104069379,South,Mouse,10,12000,0.18,New,Cash,1,367.42,98400.0
ORD10174,2026-02-01 09:23:53.755837225,West,Laptop,4,55000,0.14,Returning,Net Banking,0,181.21,189200.0
ORD10175,2026-02-01 13:45:11.407605070,West,Printer,4,500,0.0,New,Cash,0,177.33,2000.0
ORD10176,2026-02-01 18:06:29.059372915,South,Tablet,6,8000,0.09,Returning,Cash,0,157.23,43680.0
ORD10177,2026-02-01 22:27:46.711140760,East,Mouse,8,2500,0.15,VIP,Debit Card,0,443.8,17000.0
ORD10178,2026-02-02 02:49:04.362908606,North,Tablet,8,55000,0.1,Returning,Net Banking,1,440.58,396000.0
ORD10179,2026-02-02 07:10:22.014676451,Central,Printer,5,500,0.22,New,Credit Card,0,333.94,1950.0
ORD10180,2026-02-02 11:31:39.666444296,North,Laptop,6,1200,0.08,New,Credit Card,0,262.84,6624.0
ORD10181,2026-02-02 15:52:57.318212141,North,Laptop,4,8000,0.07,Returning,Net Banking,0,352.45,29760.0
ORD10182,2026-02-02 20:14:14.969979986,East,Monitor,9,55000,0.07,New,Debit Card,0,323.25,460350.0
ORD10183,2026-02-03 00:35:32.621747832,North,Laptop,8,500,0.08,New,Debit Card,0,237.08,3680.0
ORD10184,2026-02-03 04:56:50.273515677,South,Mouse,10,8000,0.14,Returning,Debit Card,0,220.83,68800.0
ORD10185,2026-02-03 09:18:07.925283522,South,Printer,10,2500,0.18,Returning,Credit Card,0,222.26,20500.0
ORD10186,2026-02-03 13:39:25.577051367,West,Headphones,1,500,0.17,Returning,Cash,0,315.11,415.0
ORD10187,2026-02-03 18:00:43.228819213,Central,Printer,2,500,0.2,New,Debit Card,0,341.45,800.0
ORD10188,2026-02-03 22:22:00.880587058,North,Mouse,9,500,0.22,Returning,Credit Card,1,253.28,3510.0
ORD10189,2026-02-04 02:43:18.532354903,North,Mouse,8,25000,0.2,New,Credit Card,0,485.91,160000.0
ORD10190,2026-02-04 07:04:36.184122748,East,Monitor,3,1200,0.0,New,Cash,0,87.73,3600.0
ORD10191,2026-02-04 11:25:53.835890594,South,Monitor,8,2500,0.18,Returning,Net Banking,0,206.17,16400.0
ORD10192,2026-02-04 15:47:11.487658439,Central,Laptop,1,55000,0.05,Returning,Net Banking,0,238.58,52250.0
ORD10193,2026-02-04 20:08:29.139426284,West,Phone,10,25000,0.03,VIP,Debit Card,0,57.61,242500.0
ORD10194,2026-02-05 00:29:46.791194129,South,Printer,4,5000,0.16,Returning,Debit Card,0,214.23,16800.0
ORD10195,2026-02-05 04:51:04.442961974,West,Printer,3,25000,0.08,VIP,Cash,0,173.17,69000.0
ORD10196,2026-02-05 09:12:22.094729820,East,Phone,6,12000,0.01,VIP,Debit Card,0,277.72,71280.0
ORD10197,2026-02-05 13:33:39.746497665,East,Monitor,7,12000,0.03,Returning,Cash,0,201.38,81480.0
ORD10198,2026-02-05 17:54:57.398265510,North,Laptop,4,500,0.0,Returning,Credit Card,0,376.78,2000.0
ORD10199,2026-02-05 22:16:15.050033355,Central,Phone,7,25000,0.23,Returning,Debit Card,0,279.47,134750.0
ORD10200,2026-02-06 02:37:32.701801201,West,Laptop,9,5000,0.01,VIP,Credit Card,0,108.39,44550.0
ORD10201,2026-02-06 06:58:50.353569046,South,Laptop,2,25000,0.05,Returning,UPI,0,387.53,47500.0
ORD10202,2026-02-06 11:20:08.005336891,East,Laptop,3,1200,0.1,New,Cash,0,94.65,3240.0
ORD10203,2026-02-06 15:41:25.657104736,North,Keyboard,5,1200,0.09,Returning,UPI,1,427.57,5460.0
ORD10204,2026-02-06 20:02:43.308872582,North,Mouse,3,5000,0.23,New,Debit Card,0,469.14,11550.0
ORD10205,2026-02-07 00:24:00.960640427,West,Laptop,8,25000,0.01,New,Credit Card,0,195.1,198000.0
ORD10206,2026-02-07 04:45:18.612408272,East,Keyboard,10,8000,0.13,New,Debit Card,0,466.76,69600.0
ORD10207,2026-02-07 09:06:36.264176117,Central,Monitor,8,1200,0.17,Returning,UPI,0,406.85,7968.0
ORD10208,2026-02-07 13:27:53.915943962,East,Phone,8,1200,0.23,VIP,Debit Card,0,465.1,7392.0
ORD10209,2026-02-07 17:49:11.567711808,West,Mouse,9,800,0.16,New,Net Banking,0,349.82,6048.0
ORD10210,2026-02-07 22:10:29.219479653,West,Headphones,4,25000,0.2,New,UPI,0,156.04,80000.0
ORD10211,2026-02-08 02:31:46.871247498,East,Phone,5,1200,0.02,New,Debit Card,0,452.54,5880.0
ORD10212,2026-02-08 06:53:04.523015343,West,Mouse,5,2500,0.1,Returning,Credit Card,0,132.92,11250.0
ORD10213,2026-02-08 11:14:22.174783189,East,Headphones,8,25000,0.09,New,Debit Card,0,145.88,182000.0
ORD10214,2026-02-08 15:35:39.826551034,South,Phone,7,12000,0.22,,Credit Card,0,171.98,65520.0
ORD10215,2026-02-08 19:56:57.478318879,East,Mouse,9,800,0.04,New,Net Banking,0,186.91,6912.0
ORD10216,2026-02-09 00:18:15.130086724,East,Phone,8,1200,0.04,Returning,Debit Card,0,281.52,9216.0
ORD10217,2026-02-09 04:39:32.781854570,West,Phone,2,800,0.08,New,Net Banking,0,371.06,1472.0
ORD10218,2026-02-09 09:00:50.433622415,West,Headphones,10,12000,0.01,Returning,UPI,0,466.79,118800.0
ORD10219,2026-02-09 13:22:08.085390260,North,Phone,4,5000,0.05,New,Credit Card,0,89.8,19000.0
ORD10220,2026-02-09 17:43:25.737158105,North,Phone,6,5000,0.24,Returning,UPI,0,479.47,22800.0
ORD10221,2026-02-09 22:04:43.388925950,South,Headphones,2,25000,0.11,New,Credit Card,0,464.6,44500.0
ORD10222,2026-02-10 02:26:01.040693796,North,Monitor,7,12000,0.16,Returning,Net Banking,0,74.3,70560.0
ORD10223,2026-02-10 06:47:18.692461641,East,Laptop,3,1500,0.18,New,Cash,0,212.14,3690.0
ORD10224,2026-02-10 11:08:36.344229486,West,Printer,3,1500,0.09,Returning,Debit Card,1,415.91,4095.0
ORD10225,2026-02-10 15:29:53.995997331,North,Tablet,2,25000,0.04,VIP,Net Banking,0,325.21,48000.0
ORD10226,2026-02-10 19:51:11.647765177,North,Keyboard,8,500,0.05,VIP,Credit Card,0,400.59,3800.0
ORD10227,2026-02-11 00:12:29.299533022,South,Tablet,6,800,0.08,Returning,Credit Card,0,373.57,4416.0
ORD10228,2026-02-11 04:33:46.951300867,South,Tablet,1,800,0.16,Returning,Credit Card,0,273.55,672.0
ORD10229,2026-02-11 08:55:04.603068712,East,Mouse,1,5000,0.1,Returning,Credit Card,0,68.55,4500.0
ORD10230,2026-02-11 13:16:22.254836558,West,Laptop,7,1500,0.0,Returning,Debit Card,0,312.92,10500.0
ORD10231,2026-02-11 17:37:39.906604403,South,Mouse,8,55000,0.13,New,UPI,0,71.85,382800.0
ORD10232,2026-02-11 21:58:57.558372248,North,Laptop,5,1200,0.23,Returning,Cash,0,321.68,4620.0
ORD10233,2026-02-12 02:20:15.210140093,West,Headphones,5,1200,0.2,New,Debit Card,0,410.18,4800.0
ORD10234,2026-02-12 06:41:32.861907938,West,Headphones,4,1200,0.21,New,Credit Card,0,313.25,3792.0
ORD10235,2026-02-12 11:02:50.513675784,North,Printer,6,5000,0.2,New,Debit Card,0,498.66,24000.0
ORD10236,2026-02-12 15:24:08.165443629,South,Laptop,6,12000,0.08,New,Net Banking,0,255.14,66240.0
ORD10237,2026-02-12 19:45:25.817211474,North,Phone,3,8000,0.19,Returning,Credit Card,0,386.97,19440.0
ORD10238,2026-02-13 00:06:43.468979319,West,Monitor,9,1500,0.04,New,Cash,0,350.25,12960.0
ORD10239,2026-02-13 04:28:01.120747165,Central,Printer,7,1500,0.16,New,Credit Card,0,496.14,8820.0
ORD10240,2026-02-13 08:49:18.772515010,Central,Printer,1,55000,0.16,New,Cash,0,370.95,46200.0
ORD10241,2026-02-13 13:10:36.424282855,East,Phone,7,800,,Returning,Cash,0,123.81,5544.0
ORD10242,2026-02-13 17:31:54.076050700,North,Monitor,5,500,0.2,Returning,UPI,0,479.98,2000.0
ORD10243,2026-02-13 21:53:11.727818546,North,Mouse,5,25000,0.23,New,UPI,0,350.5,96250.0
ORD10244,2026-02-14 02:14:29.379586391,East,Monitor,2,800,0.07,New,Debit Card,0,76.7,1488.0
ORD10245,2026-02-14 06:35:47.031354236,East,Mouse,4,12000,0.2,New,Debit Card,1,345.91,38400.0
ORD10246,2026-02-14 10:57:04.683122081,East,Headphones,6,25000,0.02,VIP,Cash,0,447.4,147000.0
ORD10247,2026-02-14 15:18:22.334889926,West,Tablet,10,1500,0.15,Returning,Credit Card,0,309.67,12750.0
ORD10248,2026-02-14 19:39:39.986657772,North,Headphones,7,12000,0.12,Returning,Net Banking,0,209.31,73920.0
ORD10249,2026-02-15 00:00:57.638425617,West,Headphones,5,25000,0.14,New,Net Banking,0,419.41,107500.0
ORD10250,2026-02-15 04:22:15.290193462,East,Tablet,9,55000,0.23,Returning,Credit Card,0,402.13,381150.0
ORD10251,2026-02-15 08:43:32.941961307,North,Monitor,3,55000,0.22,Returning,Credit Card,0,294.88,128700.0
ORD10252,2026-02-15 13:04:50.593729153,West,Printer,1,2500,0.2,New,UPI,0,119.46,2000.0
ORD10253,2026-02-15 17:26:08.245496998,West,Monitor,4,8000,0.07,New,Net Banking,0,162.94,29760.0
ORD10254,2026-02-15 21:47:25.897264843,East,Mouse,9,55000,0.23,New,Cash,0,382.32,381150.0
ORD10255,2026-02-16 02:08:43.549032688,North,Phone,4,1500,0.02,Returning,Debit Card,0,412.74,5880.0
ORD10256,2026-02-16 06:30:01.200800534,East,Mouse,2,500,0.21,VIP,UPI,0,175.67,790.0
ORD10257,2026-02-16 10:51:18.852568379,North,Phone,10,1200,0.08,Returning,Net Banking,0,215.59,11040.0
ORD10258,2026-02-16 15:12:36.504336224,Central,Headphones,5,2500,0.01,Returning,Credit Card,0,84.93,12375.0
ORD10259,2026-02-16 19:33:54.156104069,South,Tablet,3,1200,0.17,New,Net Banking,0,371.06,2988.0
ORD10260,2026-02-16 23:55:11.807871914,South,Headphones,9,8000,0.06,Returning,Cash,0,51.61,67680.0
ORD10261,2026-02-17 04:16:29.459639760,South,Laptop,4,25000,0.06,Returning,UPI,0,70.94,94000.0
ORD10262,2026-02-17 08:37:47.111407605,East,Monitor,6,5000,0.08,New,Credit Card,0,51.95,27600.0
ORD10263,2026-02-17 12:59:04.763175450,Central,Phone,2,55000,0.02,VIP,Cash,0,340.39,107800.0
ORD10264,2026-02-17 17:20:22.414943295,North,Mouse,6,500,0.04,New,Debit Card,0,237.82,2880.0
ORD10265,2026-02-17 21:41:40.066711141,West,Tablet,3,8000,0.0,New,UPI,0,183.9,24000.0
ORD10266,2026-02-18 02:02:57.718478986,North,Phone,9,1200,0.11,Returning,Cash,0,460.72,9612.0
ORD10267,2026-02-18 06:24:15.370246831,West,Mouse,2,2500,0.02,Returning,Cash,0,136.76,4900.0
ORD10268,2026-02-18 10:45:33.022014676,North,Monitor,9,55000,0.17,Returning,Credit Card,0,225.22,410850.0
ORD10269,2026-02-18 15:06:50.673782522,Central,Headphones,5,1500,0.06,New,Debit Card,0,473.14,7050.0
ORD10270,2026-02-18 19:28:08.325550367,West,Monitor,8,55000,0.24,Returning,Cash,0,242.2,334400.0
ORD10271,2026-02-18 23:49:25.977318212,East,Keyboard,2,2500,0.22,Returning,UPI,0,299.61,3900.0
ORD10272,2026-02-19 04:10:43.629086057,North,Laptop,6,2500,0.07,Returning,Cash,0,86.15,13950.0
ORD10273,2026-02-19 08:32:01.280853902,North,Keyboard,3,5000,0.2,VIP,Net Banking,0,405.57,12000.0
ORD10274,2026-02-19 12:53:18.932621748,West,Tablet,10,55000,0.2,Returning,UPI,0,240.24,440000.0
ORD10275,2026-02-19 17:14:36.584389593,East,Phone,5,55000,0.25,New,UPI,0,410.23,206250.0
ORD10276,2026-02-19 21:35:54.236157438,East,Tablet,8,5000,0.15,Returning,Cash,0,164.21,34000.0
ORD10277,2026-02-20 01:57:11.887925283,Central,Headphones,10,12000,0.02,New,Credit Card,1,240.12,117600.0
ORD10278,2026-02-20 06:18:29.539693129,East,Mouse,1,12000,0.16,New,UPI,0,403.95,10080.0
ORD10279,2026-02-20 10:39:47.191460974,East,Monitor,5,25000,0.16,New,Net Banking,0,488.24,105000.0
ORD10280,2026-02-20 15:01:04.843228819,East,Keyboard,3,12000,0.16,VIP,Credit Card,0,76.83,30240.0
ORD10281,2026-02-20 19:22:22.494996664,South,Printer,4,800,0.08,New,Credit Card,0,415.61,2944.0
ORD10282,2026-02-20 23:43:40.146764510,Central,Keyboard,2,55000,0.21,Returning,Credit Card,0,185.31,86900.0
ORD10283,2026-02-21 04:04:57.798532355,North,Headphones,9,500,0.24,New,UPI,0,297.83,3420.0
ORD10284,2026-02-21 08:26:15.450300200,West,Keyboard,3,55000,0.05,Returning,Credit Card,0,180.54,156750.0
ORD10285,2026-02-21 12:47:33.102068045,North,Headphones,2,800,0.02,Returning,Cash,0,326.05,1568.0
ORD10286,2026-02-21 17:08:50.753835890,Central,Printer,10,800,0.05,Returning,Credit Card,0,209.21,7600.0
ORD10287,2026-02-21 21:30:08.405603736,West,Tablet,9,1200,0.21,New,Net Banking,0,200.13,8532.0
ORD10288,2026-02-22 01:51:26.057371581,Central,Monitor,7,55000,0.17,Returning,Debit Card,0,67.07,319550.0
ORD10289,2026-02-22 06:12:43.709139426,East,Phone,6,8000,0.16,VIP,Net Banking,0,116.13,40320.0
ORD10290,2026-02-22 10:34:01.360907272,West,Mouse,1,800,0.1,Returning,UPI,0,462.69,720.0
ORD10291,2026-02-22 14:55:19.012675117,East,Phone,5,500,0.14,Returning,Credit Card,0,499.22,2150.0
ORD10292,2026-02-22 19:16:36.664442962,North,Tablet,3,5000,0.08,VIP,Credit Card,0,401.23,13800.0
ORD10293,2026-02-22 23:37:54.316210807,North,Mouse,1,25000,0.12,New,Cash,0,179.07,22000.0
ORD10294,2026-02-23 03:59:11.967978653,West,Keyboard,4,1200,0.2,Returning,Credit Card,0,231.1,3840.0
ORD10295,2026-02-23 08:20:29.619746498,West,Printer,2,5000,0.25,VIP,Net Banking,0,382.78,7500.0
ORD10296,2026-02-23 12:41:47.271514343,Central,Printer,2,1200,0.23,New,UPI,0,485.83,1848.0
ORD10297,2026-02-23 17:03:04.923282188,Central,Laptop,3,500,0.23,Returning,Debit Card,0,254.96,1155.0
ORD10298,2026-02-23 21:24:22.575050033,East,Tablet,8,2500,0.1,New,Credit Card,0,423.29,18000.0
ORD10299,2026-02-24 01:45:40.226817879,West,Tablet,8,55000,0.12,Returning,Debit Card,0,488.78,387200.0
ORD10300,2026-02-24 06:06:57.878585724,North,Monitor,7,1500,0.18,Returning,Credit Card,0,443.06,8610.0
ORD10301,2026-02-24 10:28:15.530353569,Central,Phone,6,8000,0.23,New,UPI,0,152.22,36960.0
ORD10302,2026-02-24 14:49:33.182121414,Central,Tablet,9,5000,0.04,Returning,Net Banking,1,53.61,43200.0
ORD10303,2026-02-24 19:10:50.833889260,North,Tablet,4,55000,0.08,New,UPI,0,271.44,202400.0
ORD10304,2026-02-24 23:32:08.485657105,Central,Keyboard,1,8000,0.03,New,Debit Card,0,289.11,7760.0
ORD10305,2026-02-25 03:53:26.137424950,East,Keyboard,8,2500,0.15,New,Credit Card,0,140.56,17000.0
ORD10306,2026-02-25 08:14:43.789192795,West,Mouse,7,1500,0.08,VIP,Debit Card,0,178.1,9660.0
ORD10307,2026-02-25 12:36:01.440960641,North,Headphones,7,8000,0.08,New,Net Banking,0,394.32,51520.0
ORD10308,2026-02-25 16:57:19.092728486,West,Headphones,3,8000,0.02,VIP,UPI,1,261.66,23520.0
ORD10309,2026-02-25 21:18:36.744496331,Central,Laptop,4,5000,0.09,Returning,Debit Card,0,192.81,18200.0
ORD10310,2026-02-26 01:39:54.396264176,Central,Headphones,10,12000,0.22,,Debit Card,1,330.18,93600.0
ORD10311,2026-02-26 06:01:12.048032021,North,Monitor,9,1500,0.06,Returning,Net Banking,0,343.74,12690.0
ORD10312,2026-02-26 10:22:29.699799867,East,Laptop,6,55000,0.17,Returning,Credit Card,0,396.23,273900.0
ORD10313,2026-02-26 14:43:47.351567712,South,Mouse,5,2500,0.16,Returning,Debit Card,0,120.52,10500.0
ORD10314,2026-02-26 19:05:05.003335557,North,Keyboard,3,1500,0.22,New,Net Banking,0,383.68,3510.0
ORD10315,2026-02-26 23:26:22.655103402,South,Headphones,9,500,0.03,New,Credit Card,0,319.74,4365.0
ORD10316,2026-02-27 03:47:40.306871248,South,Phone,5,12000,0.24,New,Credit Card,0,75.91,45600.0
ORD10317,2026-02-27 08:08:57.958639093,East,Keyboard,5,500,0.15,New,UPI,0,399.85,2125.0
ORD10318,2026-02-27 12:30:15.610406938,South,Printer,4,2500,0.25,New,Net Banking,0,222.39,7500.0
ORD10319,2026-02-27 16:51:33.262174783,South,Monitor,4,5000,0.23,New,Credit Card,0,198.67,15400.0
ORD10320,2026-02-27 21:12:50.913942629,East,Keyboard,1,5000,0.06,New,UPI,0,251.63,4700.0
ORD10321,2026-02-28 01:34:08.565710474,South,Monitor,7,2500,0.01,New,Cash,0,205.78,17325.0
ORD10322,2026-02-28 05:55:26.217478319,South,Monitor,9,1200,0.06,New,Net Banking,0,202.23,10152.0
ORD10323,2026-02-28 10:16:43.869246164,South,Monitor,3,2500,0.13,New,Cash,0,413.63,6525.0
ORD10324,2026-02-28 14:38:01.521014009,North,Mouse,2,12000,0.04,VIP,Credit Card,0,106.03,23040.0
ORD10325,2026-02-28 18:59:19.172781855,North,Monitor,3,800,0.04,New,Net Banking,0,486.77,2304.0
ORD10326,2026-02-28 23:20:36.824549700,North,Monitor,1,5000,0.12,Returning,UPI,0,299.72,4400.0
ORD10327,2026-03-01 03:41:54.476317545,East,Printer,6,25000,0.01,New,Credit Card,0,132.32,148500.0
ORD10328,2026-03-01 08:03:12.128085390,Central,Phone,7,12000,0.03,VIP,Net Banking,1,109.05,81480.0
ORD10329,2026-03-01 12:24:29.779853236,South,Laptop,2,12000,0.1,New,Net Banking,0,316.18,21600.0
ORD10330,2026-03-01 16:45:47.431621081,South,Tablet,8,12000,0.02,VIP,Cash,0,334.85,94080.0
ORD10331,2026-03-01 21:07:05.083388926,East,Printer,6,8000,0.1,Returning,Credit Card,0,73.86,43200.0
ORD10332,2026-03-02 01:28:22.735156771,South,Laptop,4,12000,0.12,New,UPI,1,159.35,42240.0
ORD10333,2026-03-02 05:49:40.386924617,North,Monitor,5,5000,0.11,VIP,UPI,0,407.96,22250.0
ORD10334,2026-03-02 10:10:58.038692462,Central,Phone,8,800,0.22,Returning,Credit Card,0,72.33,4992.0
ORD10335,2026-03-02 14:32:15.690460307,West,Keyboard,3,800,0.13,New,Credit Card,1,434.79,2088.0
ORD10336,2026-03-02 18:53:33.342228152,South,Phone,3,12000,0.12,Returning,Debit Card,1,346.17,31680.0
ORD10337,2026-03-02 23:14:50.993995997,North,Printer,4,500,0.1,VIP,Cash,1,245.49,1800.0
ORD10338,2026-03-03 03:36:08.645763843,West,Monitor,1,5000,0.2,Returning,Credit Card,0,205.89,4000.0
ORD10339,2026-03-03 07:57:26.297531688,Central,Phone,9,5000,0.22,New,Credit Card,0,58.66,35100.0
ORD10340,2026-03-03 12:18:43.949299533,West,Headphones,8,1500,0.21,Returning,Debit Card,0,421.35,9480.0
ORD10341,2026-03-03 16:40:01.601067378,North,Phone,8,55000,0.17,Returning,Debit Card,0,114.22,365200.0
ORD10342,2026-03-03 21:01:19.252835224,West,Monitor,10,1200,0.03,VIP,Net Banking,0,189.29,11640.0
ORD10343,2026-03-04 01:22:36.904603069,East,Mouse,6,1200,0.07,Returning,UPI,0,306.1,6696.0
ORD10344,2026-03-04 05:43:54.556370914,West,Headphones,7,500,0.01,New,Cash,0,160.7,3465.0
ORD10345,2026-03-04 10:05:12.208138759,South,Phone,6,1200,0.23,VIP,Net Banking,0,273.71,5544.0
ORD10346,2026-03-04 14:26:29.859906605,South,Tablet,9,1500,0.17,New,Credit Card,0,414.2,11205.0
ORD10347,2026-03-04 18:47:47.511674450,East,Tablet,3,2500,0.19,New,Debit Card,0,261.74,6075.0
ORD10348,2026-03-04 23:09:05.163442295,North,Phone,3,1200,0.08,Returning,UPI,0,477.04,3312.0
ORD10349,2026-03-05 03:30:22.815210140,South,Mouse,3,5000,0.21,Returning,Net Banking,0,431.38,11850.0
ORD10350,2026-03-05 07:51:40.466977985,Central,Keyboard,10,2500,0.06,New,UPI,0,199.87,23500.0
ORD10351,2026-03-05 12:12:58.118745831,South,Monitor,3,1200,0.0,Returning,Debit Card,0,229.98,3600.0
ORD10352,2026-03-05 16:34:15.770513676,South,Tablet,9,5000,0.09,New,Net Banking,1,240.5,40950.0
ORD10353,2026-03-05 20:55:33.422281521,North,Keyboard,4,5000,0.14,New,Net Banking,0,331.78,17200.0
ORD10354,2026-03-06 01:16:51.074049366,West,Phone,7,12000,0.12,Returning,UPI,0,179.06,73920.0
ORD10355,2026-03-06 05:38:08.725817212,South,Printer,9,800,0.22,New,Debit Card,0,486.16,5616.0
ORD10356,2026-03-06 09:59:26.377585057,East,Keyboard,7,500,0.03,New,Credit Card,0,323.91,3395.0
ORD10357,2026-03-06 14:20:44.029352902,West,Headphones,9,1500,0.14,New,Net Banking,0,229.73,11610.0
ORD10358,2026-03-06 18:42:01.681120747,Central,Laptop,3,8000,0.13,VIP,Credit Card,0,340.25,20880.0
ORD10359,2026-03-06 23:03:19.332888593,North,Tablet,4,55000,0.07,New,Debit Card,0,227.93,204600.0
ORD10360,2026-03-07 03:24:36.984656438,Central,Phone,8,1200,0.21,New,Net Banking,0,418.01,7584.0
ORD10361,2026-03-07 07:45:54.636424283,West,Printer,6,1200,0.19,Returning,Net Banking,0,305.53,5832.0
ORD10362,2026-03-07 12:07:12.288192128,West,Monitor,5,2500,0.18,Returning,Credit Card,0,68.89,10250.0
ORD10363,2026-03-07 16:28:29.939959973,West,Printer,4,2500,0.22,New,Cash,0,129.54,7800.0
ORD10364,2026-03-07 20:49:47.591727819,Central,Mouse,8,55000,0.18,Returning,Credit Card,0,439.25,360800.0
ORD10365,2026-03-08 01:11:05.243495664,West,Headphones,1,1200,0.06,New,Credit Card,0,303.3,1128.0
ORD10366,2026-03-08 05:32:22.895263509,Central,Phone,9,25000,0.18,VIP,Cash,0,477.65,184500.0
ORD10367,2026-03-08 09:53:40.547031354,West,Monitor,1,1500,0.08,New,Debit Card,0,82.59,1380.0
ORD10368,2026-03-08 14:14:58.198799200,East,Mouse,8,1200,0.06,New,Debit Card,0,182.87,9024.0
ORD10369,2026-03-08 18:36:15.850567045,West,Mouse,4,800,0.02,New,Net Banking,0,137.09,3136.0
ORD10370,2026-03-08 22:57:33.502334890,Central,Phone,9,55000,0.19,New,UPI,0,299.23,400950.0
ORD10371,2026-03-09 03:18:51.154102735,South,Headphones,5,25000,0.18,Returning,UPI,1,222.26,102500.0
ORD10372,2026-03-09 07:40:08.805870581,West,Keyboard,3,1500,0.06,New,Net Banking,0,120.77,4230.0
ORD10373,2026-03-09 12:01:26.457638426,South,Keyboard,9,1200,0.19,New,UPI,0,339.24,8748.0
ORD10374,2026-03-09 16:22:44.109406271,East,Mouse,9,8000,0.23,Returning,Credit Card,0,291.33,55440.0
ORD10375,2026-03-09 20:44:01.761174116,North,Keyboard,4,12000,0.03,Returning,Credit Card,0,173.63,46560.0
ORD10376,2026-03-10 01:05:19.412941961,East,Laptop,4,800,0.06,New,Cash,0,265.9,3008.0
ORD10377,2026-03-10 05:26:37.064709807,West,Mouse,8,8000,0.19,New,Cash,0,385.58,51840.0
ORD10378,2026-03-10 09:47:54.716477652,South,Mouse,2,2500,0.07,New,Net Banking,0,142.37,4650.0
ORD10379,2026-03-10 14:09:12.368245497,South,Monitor,9,2500,0.16,New,Net Banking,0,181.81,18900.0
ORD10380,2026-03-10 18:30:30.020013342,Central,Keyboard,6,1200,0.02,New,Net Banking,0,205.75,7056.0
ORD10381,2026-03-10 22:51:47.671781188,South,Headphones,9,2500,0.11,Returning,Credit Card,0,386.03,20025.0
ORD10382,2026-03-11 03:13:05.323549033,Central,Mouse,8,800,0.18,VIP,UPI,0,431.12,5248.0
ORD10383,2026-03-11 07:34:22.975316878,North,Printer,7,1500,0.17,New,Net Banking,0,219.37,8715.0
ORD10384,2026-03-11 11:55:40.627084723,West,Headphones,1,5000,0.2,New,Net Banking,0,183.48,4000.0
ORD10385,2026-03-11 16:16:58.278852568,Central,Laptop,3,500,0.22,New,Credit Card,0,450.25,1170.0
ORD10386,2026-03-11 20:38:15.930620414,North,Monitor,2,55000,0.19,New,Credit Card,0,499.71,89100.0
ORD10387,2026-03-12 00:59:33.582388259,South,Phone,5,1500,0.17,New,Credit Card,0,351.66,6225.0
ORD10388,2026-03-12 05:20:51.234156104,South,Headphones,5,5000,0.01,VIP,UPI,0,495.49,24750.0
ORD10389,2026-03-12 09:42:08.885923949,North,Mouse,5,25000,0.13,Returning,Net Banking,0,346.98,108750.0
ORD10390,2026-03-12 14:03:26.537691795,South,Laptop,4,800,0.01,VIP,Debit Card,0,380.06,3168.0
ORD10391,2026-03-12 18:24:44.189459640,North,Tablet,5,8000,0.2,VIP,Debit Card,0,224.9,32000.0
ORD10392,2026-03-12 22:46:01.841227485,Central,Laptop,3,5000,0.08,Returning,Net Banking,0,244.84,13800.0
ORD10393,2026-03-13 03:07:19.492995330,Central,Laptop,1,800,0.14,Returning,Net Banking,0,114.86,688.0
ORD10394,2026-03-13 07:28:37.144763176,North,Monitor,5,12000,0.07,New,Net Banking,0,420.24,55800.0
ORD10395,2026-03-13 11:49:54.796531021,Central,Phone,9,8000,0.2,Returning,Net Banking,1,468.98,57600.0
ORD10396,2026-03-13 16:11:12.448298866,Central,Tablet,9,2500,0.22,VIP,UPI,0,330.55,17550.0
ORD10397,2026-03-13 20:32:30.100066711,Central,Keyboard,4,2500,0.1,New,Debit Card,0,204.64,9000.0
ORD10398,2026-03-14 00:53:47.751834556,East,Keyboard,3,8000,0.22,VIP,Cash,0,119.31,18720.0
ORD10399,2026-03-14 05:15:05.403602402,West,Headphones,1,25000,0.07,New,Debit Card,0,169.32,23250.0
ORD10400,2026-03-14 09:36:23.055370247,South,Laptop,2,25000,0.13,VIP,Debit Card,0,164.93,43500.0
ORD10401,2026-03-14 13:57:40.707138092,East,Printer,8,25000,0.21,VIP,Credit Card,0,326.09,158000.0
ORD10402,2026-03-14 18:18:58.358905937,Central,Monitor,1,5000,0.08,Returning,Net Banking,1,475.27,4600.0
ORD10403,2026-03-14 22:40:16.010673783,North,Printer,8,55000,0.24,Returning,Net Banking,0,71.72,334400.0
ORD10404,2026-03-15 03:01:33.662441628,Central,Monitor,7,5000,0.03,Returning,Net Banking,0,50.46,33950.0
ORD10405,2026-03-15 07:22:51.314209473,West,Keyboard,8,1200,0.0,Returning,Credit Card,0,320.08,9600.0
ORD10406,2026-03-15 11:44:08.965977318,Central,Headphones,6,500,0.23,VIP,UPI,0,177.83,2310.0
ORD10407,2026-03-15 16:05:26.617745164,North,Headphones,9,8000,0.02,Returning,UPI,0,446.25,70560.0
ORD10408,2026-03-15 20:26:44.269513009,West,Headphones,3,1500,0.25,Returning,Cash,0,197.26,3375.0
ORD10409,2026-03-16 00:48:01.921280854,Central,Tablet,10,500,0.24,Returning,UPI,0,180.38,3800.0
ORD10410,2026-03-16 05:09:19.573048699,West,Phone,4,12000,0.03,Returning,UPI,0,171.28,46560.0
ORD10411,2026-03-16 09:30:37.224816544,South,Tablet,6,5000,0.13,Returning,Net Banking,0,115.18,26100.0
ORD10412,2026-03-16 13:51:54.876584390,South,Mouse,8,5000,0.05,Returning,Debit Card,0,311.69,38000.0
ORD10413,2026-03-16 18:13:12.528352235,Central,Mouse,5,800,0.11,Returning,UPI,0,125.7,3560.0
ORD10414,2026-03-16 22:34:30.180120080,West,Printer,3,500,0.02,New,UPI,0,241.08,1470.0
ORD10415,2026-03-17 02:55:47.831887925,North,Phone,6,800,0.06,New,Credit Card,0,257.44,4512.0
ORD10416,2026-03-17 07:17:05.483655771,Central,Keyboard,4,1500,0.09,New,Cash,0,59.22,5460.0
ORD10417,2026-03-17 11:38:23.135423616,South,Phone,9,800,0.11,New,Credit Card,0,57.56,6408.0
ORD10418,2026-03-17 15:59:40.787191461,South,Monitor,3,500,0.24,New,Net Banking,1,284.1,1140.0
ORD10419,2026-03-17 20:20:58.438959306,Central,Mouse,4,8000,0.2,Returning,Debit Card,0,363.22,25600.0
ORD10420,2026-03-18 00:42:16.090727152,West,Laptop,7,12000,0.18,New,Cash,0,473.96,68880.0
ORD10421,2026-03-18 05:03:33.742494997,South,Laptop,7,5000,0.13,New,Credit Card,0,130.6,30450.0
ORD10422,2026-03-18 09:24:51.394262842,West,Keyboard,4,1500,0.21,Returning,UPI,0,96.47,4740.0
ORD10423,2026-03-18 13:46:09.046030687,South,Monitor,6,5000,0.08,VIP,UPI,0,73.44,27600.0
ORD10424,2026-03-18 18:07:26.697798532,South,Printer,3,1200,0.18,Returning,Cash,0,246.22,2952.0
ORD10425,2026-03-18 22:28:44.349566378,East,Tablet,6,12000,0.25,VIP,UPI,0,330.42,54000.0
ORD10426,2026-03-19 02:50:02.001334223,South,Monitor,2,55000,0.08,Returning,Credit Card,0,428.25,101200.0
ORD10427,2026-03-19 07:11:19.653102068,North,Laptop,8,800,0.17,New,Credit Card,0,357.19,5312.0
ORD10428,2026-03-19 11:32:37.304869913,Central,Laptop,2,2500,0.21,Returning,UPI,0,143.76,3950.0
ORD10429,2026-03-19 15:53:54.956637759,Central,Printer,7,500,0.23,Returning,UPI,0,257.8,2695.0
ORD10430,2026-03-19 20:15:12.608405604,West,Mouse,9,5000,0.18,New,Net Banking,0,459.66,36900.0
ORD10431,2026-03-20 00:36:30.260173449,South,Monitor,1,800,0.07,New,Debit Card,0,197.03,744.0
ORD10432,2026-03-20 04:57:47.911941294,North,Monitor,8,1500,0.08,Returning,Cash,0,274.43,11040.0
ORD10433,2026-03-20 09:19:05.563709140,West,Laptop,7,5000,0.01,New,Credit Card,0,481.35,34650.0
ORD10434,2026-03-20 13:40:23.215476985,East,Tablet,6,55000,0.19,Returning,Cash,0,380.62,267300.0
ORD10435,2026-03-20 18:01:40.867244830,West,Keyboard,6,12000,0.01,New,Net Banking,0,386.48,71280.0
ORD10436,2026-03-20 22:22:58.519012675,West,Headphones,6,12000,0.22,Returning,Credit Card,0,163.55,56160.0
ORD10437,2026-03-21 02:44:16.170780520,South,Keyboard,9,5000,0.03,Returning,Net Banking,0,236.61,43650.0
ORD10438,2026-03-21 07:05:33.822548366,East,Monitor,2,1500,0.04,New,Net Banking,0,87.05,2880.0
ORD10439,2026-03-21 11:26:51.474316211,West,Keyboard,1,12000,0.12,New,,0,322.94,10560.0
ORD10440,2026-03-21 15:48:09.126084056,North,Laptop,6,12000,0.18,Returning,Cash,0,96.68,59040.0
ORD10441,2026-03-21 20:09:26.777851901,North,Laptop,10,55000,0.03,Returning,Cash,0,426.16,533500.0
ORD10442,2026-03-22 00:30:44.429619747,Central,Printer,8,500,0.11,VIP,UPI,0,416.55,3560.0
ORD10443,2026-03-22 04:52:02.081387592,East,Monitor,3,1500,0.12,Returning,Cash,0,290.12,3960.0
ORD10444,2026-03-22 09:13:19.733155437,East,Printer,10,1500,0.05,Returning,UPI,0,113.52,14250.0
ORD10445,2026-03-22 13:34:37.384923282,Central,Monitor,1,8000,0.03,New,Credit Card,0,61.51,7760.0
ORD10446,2026-03-22 17:55:55.036691128,West,Headphones,9,8000,0.21,New,Net Banking,0,408.52,56880.0
ORD10447,2026-03-22 22:17:12.688458973,East,Headphones,1,12000,0.13,New,Net Banking,0,320.06,10440.0
ORD10448,2026-03-23 02:38:30.340226818,North,Mouse,3,2500,0.0,Returning,Cash,0,369.92,7500.0
ORD10449,2026-03-23 06:59:47.991994663,North,Monitor,8,8000,0.2,New,Debit Card,0,186.71,51200.0
ORD10450,2026-03-23 11:21:05.643762508,South,Tablet,3,12000,0.25,New,Net Banking,1,279.27,27000.0
ORD10451,2026-03-23 15:42:23.295530354,East,Keyboard,4,25000,0.15,Returning,UPI,0,386.23,85000.0
ORD10452,2026-03-23 20:03:40.947298199,West,Monitor,8,1200,0.13,Returning,Debit Card,0,258.15,8352.0
ORD10453,2026-03-24 00:24:58.599066044,Central,Phone,1,1200,0.22,New,Debit Card,0,320.62,936.0
ORD10454,2026-03-24 04:46:16.250833889,Central,Mouse,6,1500,0.24,New,Net Banking,0,405.38,6840.0
ORD10455,2026-03-24 09:07:33.902601735,West,Phone,1,2500,0.19,New,Net Banking,0,146.85,2025.0
ORD10456,2026-03-24 13:28:51.554369580,South,Laptop,1,55000,0.11,New,Net Banking,0,79.67,48950.0
ORD10457,2026-03-24 17:50:09.206137425,Central,Headphones,8,500,0.15,Returning,UPI,0,289.32,3400.0
ORD10458,2026-03-24 22:11:26.857905270,East,Keyboard,4,8000,0.18,New,Debit Card,0,77.96,26240.0
ORD10459,2026-03-25 02:32:44.509673116,South,Monitor,1,25000,0.05,Returning,Cash,0,394.95,23750.0
ORD10460,2026-03-25 06:54:02.161440961,East,Phone,10,12000,0.11,VIP,UPI,0,373.65,106800.0
ORD10461,2026-03-25 11:15:19.813208806,North,Keyboard,7,2500,0.21,New,Credit Card,0,446.77,13825.0
ORD10462,2026-03-25 15:36:37.464976651,South,Laptop,5,1500,0.16,VIP,Net Banking,0,337.8,6300.0
ORD10463,2026-03-25 19:57:55.116744496,Central,Headphones,5,8000,0.1,New,Debit Card,0,80.24,36000.0
ORD10464,2026-03-26 00:19:12.768512342,South,Tablet,1,2500,0.17,New,UPI,0,163.92,2075.0
ORD10465,2026-03-26 04:40:30.420280187,South,Mouse,10,8000,0.03,New,Credit Card,1,413.57,77600.0
ORD10466,2026-03-26 09:01:48.072048032,South,Keyboard,6,500,0.1,New,UPI,0,125.21,2700.0
ORD10467,2026-03-26 13:23:05.723815877,South,Keyboard,9,500,0.2,New,UPI,0,364.32,3600.0
ORD10468,2026-03-26 17:44:23.375583723,East,Tablet,9,55000,0.06,New,Cash,1,401.12,465300.0
ORD10469,2026-03-26 22:05:41.027351568,North,Keyboard,8,1200,0.05,Returning,Cash,0,198.55,9120.0
ORD10470,2026-03-27 02:26:58.679119413,West,Laptop,5,800,0.24,VIP,UPI,0,195.03,3040.0
ORD10471,2026-03-27 06:48:16.330887258,South,Laptop,1,800,0.05,Returning,Credit Card,0,301.01,760.0
ORD10472,2026-03-27 11:09:33.982655104,Central,Tablet,9,8000,0.07,New,Debit Card,0,437.58,66960.0
ORD10473,2026-03-27 15:30:51.634422949,South,Mouse,1,55000,0.24,Returning,Debit Card,0,150.76,41800.0
ORD10474,2026-03-27 19:52:09.286190794,Central,Monitor,8,800,0.18,Returning,Net Banking,0,473.57,5248.0
ORD10475,2026-03-28 00:13:26.937958639,East,Phone,5,1500,0.17,Returning,Net Banking,0,319.6,6225.0
ORD10476,2026-03-28 04:34:44.589726484,Central,Monitor,3,800,0.21,Returning,Debit Card,0,496.46,1896.0
ORD10477,2026-03-28 08:56:02.241494330,West,Keyboard,7,5000,0.03,VIP,UPI,0,90.33,33950.0
ORD10478,2026-03-28 13:17:19.893262175,North,Phone,7,12000,0.18,New,UPI,0,106.95,68880.0
ORD10479,2026-03-28 17:38:37.545030020,Central,Printer,9,55000,0.13,Returning,Cash,0,421.99,430650.0
ORD10480,2026-03-28 21:59:55.196797865,Central,Tablet,7,1500,0.21,New,Cash,0,439.14,8295.0
ORD10481,2026-03-29 02:21:12.848565711,North,Tablet,3,2500,0.13,VIP,Net Banking,0,250.46,6525.0
ORD10482,2026-03-29 06:42:30.500333556,West,Mouse,1,1500,0.16,New,Debit Card,0,371.33,1260.0
ORD10483,2026-03-29 11:03:48.152101401,South,Phone,8,1200,0.12,New,UPI,0,440.4,8448.0
ORD10484,2026-03-29 15:25:05.803869246,Central,Laptop,3,2500,0.12,New,Debit Card,0,69.41,6600.0
ORD10485,2026-03-29 19:46:23.455637092,North,Phone,8,25000,0.19,Returning,Credit Card,0,308.28,162000.0
ORD10486,2026-03-30 00:07:41.107404937,East,Keyboard,8,12000,0.16,New,Debit Card,0,434.07,80640.0
ORD10487,2026-03-30 04:28:58.759172782,North,Laptop,5,12000,0.16,New,Credit Card,0,229.17,50400.0
ORD10488,2026-03-30 08:50:16.410940627,East,Headphones,1,12000,0.11,VIP,Cash,0,186.07,10680.0
ORD10489,2026-03-30 13:11:34.062708472,West,Headphones,10,12000,0.13,VIP,Cash,0,408.07,104400.0
ORD10490,2026-03-30 17:32:51.714476318,South,Printer,7,8000,0.19,New,Net Banking,0,201.1,45360.0
ORD10491,2026-03-30 21:54:09.366244163,North,Headphones,10,12000,0.21,New,Debit Card,0,51.43,94800.0
ORD10492,2026-03-31 02:15:27.018012008,Central,Tablet,5,12000,0.17,Returning,Debit Card,0,481.81,49800.0
ORD10493,2026-03-31 06:36:44.669779853,West,Phone,8,12000,0.23,VIP,Credit Card,0,316.46,73920.0
ORD10494,2026-03-31 10:58:02.321547699,North,Headphones,9,55000,0.21,Returning,Cash,1,418.78,391050.0
ORD10495,2026-03-31 15:19:19.973315544,Central,Monitor,7,8000,0.14,Returning,Credit Card,0,421.39,48160.0
ORD10496,2026-03-31 19:40:37.625083389,North,Mouse,7,500,0.17,New,Cash,0,79.88,2905.0
ORD10497,2026-04-01 00:01:55.276851234,East,Monitor,1,1500,0.23,Returning,Credit Card,0,126.89,1155.0
ORD10498,2026-04-01 04:23:12.928619080,North,Headphones,4,1500,0.15,Returning,Cash,0,190.0,5100.0
ORD10499,2026-04-01 08:44:30.580386925,North,Printer,2,2500,0.21,Returning,Credit Card,0,194.31,3950.0
ORD10500,2026-04-01 13:05:48.232154770,North,Mouse,2,55000,0.17,New,Cash,0,346.45,91300.0
ORD10501,2026-04-01 17:27:05.883922615,West,Keyboard,2,5000,0.14,VIP,Credit Card,0,330.41,8600.0
ORD10502,2026-04-01 21:48:23.535690460,North,Monitor,4,1500,0.06,Returning,Debit Card,0,272.57,5640.0
ORD10503,2026-04-02 02:09:41.187458306,Central,Printer,1,800,0.11,New,Net Banking,1,145.07,712.0
ORD10504,2026-04-02 06:30:58.839226151,East,Phone,4,5000,0.24,Returning,Credit Card,1,221.89,15200.0
ORD10505,2026-04-02 10:52:16.490993996,East,Phone,2,12000,0.16,Returning,Net Banking,0,294.62,20160.0
ORD10506,2026-04-02 15:13:34.142761841,North,Monitor,5,12000,0.14,Returning,Debit Card,0,260.59,51600.0
ORD10507,2026-04-02 19:34:51.794529687,West,Headphones,3,8000,0.23,Returning,Debit Card,0,107.28,18480.0
ORD10508,2026-04-02 23:56:09.446297532,West,Printer,8,5000,0.15,Returning,Cash,1,342.28,34000.0
ORD10509,2026-04-03 04:17:27.098065377,Central,Phone,4,800,0.13,VIP,Net Banking,0,82.87,2784.0
ORD10510,2026-04-03 08:38:44.749833222,North,Keyboard,1,8000,0.19,New,UPI,0,220.19,6480.0
ORD10511,2026-04-03 13:00:02.401601068,East,Laptop,1,2500,0.18,New,Cash,1,369.51,2050.0
ORD10512,2026-04-03 17:21:20.053368913,West,Headphones,10,5000,0.05,New,Net Banking,0,59.01,47500.0
ORD10513,2026-04-03 21:42:37.705136758,North,Printer,3,55000,0.12,Returning,Credit Card,0,306.49,145200.0
ORD10514,2026-04-04 02:03:55.356904603,West,Keyboard,9,12000,0.12,Returning,Credit Card,0,200.53,95040.0
ORD10515,2026-04-04 06:25:13.008672448,West,Printer,7,12000,0.09,VIP,Debit Card,1,53.97,76440.0
ORD10516,2026-04-04 10:46:30.660440294,East,Mouse,2,1200,0.13,Returning,UPI,0,135.67,2088.0
ORD10517,2026-04-04 15:07:48.312208139,South,Keyboard,9,8000,0.1,Returning,Credit Card,0,473.43,64800.0
ORD10518,2026-04-04 19:29:05.963975984,Central,Headphones,10,500,0.05,VIP,Net Banking,0,284.52,4750.0
ORD10519,2026-04-04 23:50:23.615743829,Central,Mouse,2,500,0.1,New,Net Banking,0,498.75,900.0
ORD10520,2026-04-05 04:11:41.267511675,East,Headphones,3,8000,0.02,Returning,Credit Card,0,286.17,23520.0
ORD10521,2026-04-05 08:32:58.919279520,West,Phone,10,55000,0.14,New,Net Banking,0,294.77,473000.0
ORD10522,2026-04-05 12:54:16.571047365,North,Laptop,2,25000,0.21,Returning,Net Banking,1,226.33,39500.0
ORD10523,2026-04-05 17:15:34.222815210,West,Headphones,3,8000,0.18,Returning,Debit Card,0,189.52,19680.0
ORD10524,2026-04-05 21:36:51.874583056,East,Headphones,6,55000,0.09,Returning,UPI,0,163.2,300300.0
ORD10525,2026-04-06 01:58:09.526350901,Central,Phone,9,2500,0.02,New,Debit Card,0,204.54,22050.0
ORD10526,2026-04-06 06:19:27.178118746,West,Tablet,9,12000,0.05,New,UPI,0,256.93,102600.0
ORD10527,2026-04-06 10:40:44.829886591,Central,Phone,7,800,0.14,Returning,Net Banking,0,136.4,4816.0
ORD10528,2026-04-06 15:02:02.481654436,North,Mouse,3,25000,0.05,Returning,UPI,0,151.19,71250.0
ORD10529,2026-04-06 19:23:20.133422282,Central,Phone,4,5000,0.14,New,Net Banking,0,172.2,17200.0
ORD10530,2026-04-06 23:44:37.785190127,Central,Phone,6,25000,0.06,VIP,Net Banking,0,252.17,141000.0
ORD10531,2026-04-07 04:05:55.436957972,South,Laptop,5,800,0.21,New,Debit Card,0,343.77,3160.0
ORD10532,2026-04-07 08:27:13.088725817,South,Phone,2,1200,0.1,Returning,Debit Card,0,435.27,2160.0
ORD10533,2026-04-07 12:48:30.740493663,South,Printer,6,12000,0.06,Returning,Cash,1,179.21,67680.0
ORD10534,2026-04-07 17:09:48.392261508,Central,Headphones,3,500,0.2,Returning,Credit Card,0,132.68,1200.0
ORD10535,2026-04-07 21:31:06.044029353,East,Printer,8,55000,0.09,VIP,Cash,0,220.48,400400.0
ORD10536,2026-04-08 01:52:23.695797198,Central,Laptop,2,8000,0.03,Returning,Cash,0,452.47,15520.0
ORD10537,2026-04-08 06:13:41.347565044,East,Monitor,1,8000,0.14,Returning,UPI,0,54.44,6880.0
ORD10538,2026-04-08 10:34:58.999332889,East,Tablet,9,500,0.15,New,Net Banking,0,355.04,3825.0
ORD10539,2026-04-08 14:56:16.651100734,South,Printer,3,25000,0.18,New,Net Banking,0,264.72,61500.0
ORD10540,2026-04-08 19:17:34.302868579,West,Laptop,1,12000,0.06,New,Net Banking,0,122.47,11280.0
ORD10541,2026-04-08 23:38:51.954636424,North,Mouse,7,1500,0.11,Returning,Credit Card,0,194.46,9345.0
ORD10542,2026-04-09 04:00:09.606404270,South,Monitor,10,55000,0.07,New,UPI,0,151.23,511500.0
ORD10543,2026-04-09 08:21:27.258172115,South,Laptop,5,2500,0.02,New,UPI,0,445.02,12250.0
ORD10544,2026-04-09 12:42:44.909939960,West,Laptop,5,800,0.22,New,Net Banking,0,266.84,3120.0
ORD10545,2026-04-09 17:04:02.561707805,North,Tablet,1,25000,0.18,New,Cash,0,303.39,20500.0
ORD10546,2026-04-09 21:25:20.213475651,Central,Headphones,9,5000,0.08,New,Credit Card,0,317.16,41400.0
ORD10547,2026-04-10 01:46:37.865243496,Central,Printer,7,1200,0.15,VIP,Cash,0,337.83,7140.0
ORD10548,2026-04-10 06:07:55.517011341,South,Mouse,8,8000,0.05,Returning,Debit Card,0,273.0,60800.0
ORD10549,2026-04-10 10:29:13.168779186,North,Keyboard,9,25000,0.22,Returning,UPI,0,58.04,175500.0
ORD10550,2026-04-10 14:50:30.820547032,South,Printer,6,1200,0.03,Returning,UPI,0,200.63,6984.0
ORD10551,2026-04-10 19:11:48.472314877,East,Keyboard,5,800,0.0,New,Cash,1,132.74,4000.0
ORD10552,2026-04-10 23:33:06.124082722,South,Laptop,6,8000,0.13,VIP,Credit Card,0,356.06,41760.0
ORD10553,2026-04-11 03:54:23.775850567,South,Phone,2,8000,0.15,New,UPI,0,75.52,13600.0
ORD10554,2026-04-11 08:15:41.427618412,Central,Mouse,4,1500,0.14,New,Cash,0,303.71,5160.0
ORD10555,2026-04-11 12:36:59.079386258,Central,Monitor,3,25000,0.01,Returning,Credit Card,0,144.78,74250.0
ORD10556,2026-04-11 16:58:16.731154103,Central,Phone,7,12000,0.08,New,Cash,0,476.98,77280.0
ORD10557,2026-04-11 21:19:34.382921948,East,Phone,9,500,0.12,Returning,Credit Card,0,200.99,3960.0
ORD10558,2026-04-12 01:40:52.034689793,Central,Printer,5,500,0.05,New,Net Banking,0,196.35,2375.0
ORD10559,2026-04-12 06:02:09.686457639,North,Mouse,6,2500,0.22,Returning,Credit Card,0,465.52,11700.0
ORD10560,2026-04-12 10:23:27.338225484,West,Headphones,10,5000,0.02,Returning,Debit Card,1,237.81,49000.0
ORD10561,2026-04-12 14:44:44.989993329,North,Laptop,2,1200,0.12,New,Net Banking,0,483.29,2112.0
ORD10562,2026-04-12 19:06:02.641761174,North,Laptop,3,25000,0.17,Returning,Cash,0,60.88,62250.0
ORD10563,2026-04-12 23:27:20.293529020,Central,Laptop,3,55000,0.07,New,Net Banking,0,187.86,153450.0
ORD10564,2026-04-13 03:48:37.945296865,West,Laptop,9,5000,0.16,Returning,Net Banking,0,349.79,37800.0
ORD10565,2026-04-13 08:09:55.597064710,West,Printer,7,1500,0.21,New,Cash,0,450.89,8295.0
ORD10566,2026-04-13 12:31:13.248832555,West,Keyboard,8,8000,0.05,Returning,Cash,0,165.38,60800.0
ORD10567,2026-04-13 16:52:30.900600400,East,Laptop,10,12000,0.23,Returning,Debit Card,0,468.71,92400.0
ORD10568,2026-04-13 21:13:48.552368246,Central,Keyboard,9,25000,0.14,New,Cash,0,317.35,193500.0
ORD10569,2026-04-14 01:35:06.204136091,West,Keyboard,6,5000,0.07,VIP,UPI,0,410.45,27900.0
ORD10570,2026-04-14 05:56:23.855903936,East,Headphones,4,5000,0.11,VIP,UPI,0,228.74,17800.0
ORD10571,2026-04-14 10:17:41.507671781,South,Laptop,1,12000,0.08,Returning,Debit Card,0,145.48,11040.0
ORD10572,2026-04-14 14:38:59.159439627,South,Tablet,8,2500,0.18,Returning,Credit Card,0,460.06,16400.0
ORD10573,2026-04-14 19:00:16.811207472,East,Monitor,7,1200,0.2,New,Credit Card,0,469.91,6720.0
ORD10574,2026-04-14 23:21:34.462975317,East,Phone,2,1200,0.21,Returning,UPI,0,273.91,1896.0
ORD10575,2026-04-15 03:42:52.114743162,Central,Keyboard,8,5000,0.25,New,Cash,0,52.92,30000.0
ORD10576,2026-04-15 08:04:09.766511008,Central,Mouse,5,800,0.2,New,Debit Card,0,99.4,3200.0
ORD10577,2026-04-15 12:25:27.418278852,South,Mouse,7,5000,0.15,VIP,Credit Card,0,307.86,29750.0
ORD10578,2026-04-15 16:46:45.070046698,West,Monitor,4,5000,0.08,Returning,Credit Card,1,60.7,18400.0
ORD10579,2026-04-15 21:08:02.721814544,South,Mouse,5,12000,0.14,New,Net Banking,0,228.61,51600.0
ORD10580,2026-04-16 01:29:20.373582388,West,Tablet,8,8000,0.01,New,UPI,0,186.52,63360.0
ORD10581,2026-04-16 05:50:38.025350234,West,Mouse,1,12000,0.19,Returning,Cash,0,371.46,9720.0
ORD10582,2026-04-16 10:11:55.677118078,Central,Phone,1,25000,0.11,New,Debit Card,0,75.01,22250.0
ORD10583,2026-04-16 14:33:13.328885924,North,Phone,4,5000,0.01,New,Credit Card,1,269.93,19800.0
ORD10584,2026-04-16 18:54:30.980653770,North,Keyboard,3,1200,0.02,New,Net Banking,0,310.6,3528.0
ORD10585,2026-04-16 23:15:48.632421614,East,Laptop,10,55000,0.1,Returning,UPI,0,327.78,495000.0
ORD10586,2026-04-17 03:37:06.284189460,Central,Headphones,2,1200,0.15,Returning,UPI,0,232.32,2040.0
ORD10587,2026-04-17 07:58:23.935957306,West,Tablet,3,500,0.12,New,Debit Card,0,186.97,1320.0
ORD10588,2026-04-17 12:19:41.587725150,North,Keyboard,1,2500,0.15,Returning,Credit Card,0,357.12,2125.0
ORD10589,2026-04-17 16:40:59.239492996,West,Tablet,1,1500,0.12,New,Debit Card,0,431.41,1320.0
ORD10590,2026-04-17 21:02:16.891260840,North,Laptop,6,25000,0.17,Returning,Debit Card,0,362.13,124500.0
ORD10591,2026-04-18 01:23:34.543028686,North,Printer,5,25000,0.05,VIP,Net Banking,0,469.45,118750.0
ORD10592,2026-04-18 05:44:52.194796532,North,Mouse,8,2500,0.03,Returning,UPI,0,372.77,19400.0
ORD10593,2026-04-18 10:06:09.846564376,Central,Mouse,2,55000,0.15,VIP,Cash,0,394.08,93500.0
ORD10594,2026-04-18 14:27:27.498332222,South,Headphones,4,1500,0.12,VIP,UPI,1,125.56,5280.0
ORD10595,2026-04-18 18:48:45.150100066,West,Laptop,8,8000,0.01,Returning,UPI,0,238.79,63360.0
ORD10596,2026-04-18 23:10:02.801867912,Central,Keyboard,6,5000,0.1,Returning,Net Banking,0,268.27,27000.0
ORD10597,2026-04-19 03:31:20.453635758,Central,Headphones,1,1500,0.03,VIP,Cash,0,165.33,1455.0
ORD10598,2026-04-19 07:52:38.105403602,Central,Laptop,4,55000,0.13,New,Credit Card,0,287.84,191400.0
ORD10599,2026-04-19 12:13:55.757171448,Central,Monitor,1,800,0.1,New,Cash,0,180.86,720.0
ORD10600,2026-04-19 16:35:13.408939294,Central,Phone,2,500,0.15,VIP,Credit Card,0,359.38,850.0
ORD10601,2026-04-19 20:56:31.060707138,East,Headphones,5,1500,0.2,Returning,Cash,0,261.63,6000.0
ORD10602,2026-04-20 01:17:48.712474984,West,Headphones,8,1500,0.07,New,Debit Card,0,256.46,11160.0
ORD10603,2026-04-20 05:39:06.364242828,Central,Keyboard,8,500,0.24,New,Cash,0,492.64,3040.0
ORD10604,2026-04-20 10:00:24.016010674,West,Tablet,3,5000,0.13,Returning,Net Banking,0,226.6,13050.0
ORD10605,2026-04-20 14:21:41.667778520,East,Monitor,4,1500,0.15,Returning,Credit Card,0,213.03,5100.0
ORD10606,2026-04-20 18:42:59.319546364,East,Keyboard,10,500,0.17,Returning,UPI,0,193.37,4150.0
ORD10607,2026-04-20 23:04:16.971314210,West,Laptop,6,500,0.17,Returning,Net Banking,0,452.64,2490.0
ORD10608,2026-04-21 03:25:34.623082054,North,Laptop,10,500,0.13,Returning,Credit Card,0,273.53,4350.0
ORD10609,2026-04-21 07:46:52.274849900,South,Laptop,3,12000,0.11,Returning,Credit Card,0,320.01,32040.0
ORD10610,2026-04-21 12:08:09.926617746,North,Printer,2,55000,0.01,Returning,UPI,0,131.37,108900.0
ORD10611,2026-04-21 16:29:27.578385590,North,Laptop,6,12000,0.01,Returning,Debit Card,0,293.42,71280.0
ORD10612,2026-04-21 20:50:45.230153436,North,Tablet,5,800,0.09,Returning,Net Banking,0,173.59,3640.0
ORD10613,2026-04-22 01:12:02.881921282,Central,Monitor,10,8000,0.08,New,UPI,0,378.79,73600.0
ORD10614,2026-04-22 05:33:20.533689126,East,Mouse,5,12000,0.1,New,UPI,0,424.64,54000.0
ORD10615,2026-04-22 09:54:38.185456972,North,Phone,10,12000,0.03,VIP,Debit Card,0,371.66,116400.0
ORD10616,2026-04-22 14:15:55.837224816,East,Tablet,5,55000,0.18,New,Net Banking,1,378.61,225500.0
ORD10617,2026-04-22 18:37:13.488992662,West,Tablet,10,8000,0.21,New,UPI,0,280.61,63200.0
ORD10618,2026-04-22 22:58:31.140760508,South,Printer,5,2500,0.23,Returning,Debit Card,0,370.45,9625.0
ORD10619,2026-04-23 03:19:48.792528352,West,Mouse,3,500,0.12,Returning,Net Banking,0,240.21,1320.0
ORD10620,2026-04-23 07:41:06.444296198,West,Mouse,7,25000,0.18,New,Cash,0,343.17,143500.0
ORD10621,2026-04-23 12:02:24.096064042,Central,Phone,6,8000,0.21,New,Credit Card,0,166.57,37920.0
ORD10622,2026-04-23 16:23:41.747831888,South,Phone,4,800,0.1,New,Debit Card,0,81.39,2880.0
ORD10623,2026-04-23 20:44:59.399599734,West,Mouse,2,5000,0.08,Returning,Credit Card,0,236.06,9200.0
ORD10624,2026-04-24 01:06:17.051367578,West,Laptop,9,800,0.23,New,Cash,0,257.8,5544.0
ORD10625,2026-04-24 05:27:34.703135424,South,Tablet,1,500,0.13,New,UPI,0,165.38,435.0
ORD10626,2026-04-24 09:48:52.354903270,South,Keyboard,4,8000,0.12,New,UPI,0,377.47,28160.0
ORD10627,2026-04-24 14:10:10.006671114,West,Phone,1,800,0.04,VIP,Net Banking,0,83.1,768.0
ORD10628,2026-04-24 18:31:27.658438960,South,Printer,6,800,0.03,New,Debit Card,0,150.24,4656.0
ORD10629,2026-04-24 22:52:45.310206804,West,Printer,4,2500,0.21,New,Debit Card,0,386.85,7900.0
ORD10630,2026-04-25 03:14:02.961974650,West,Phone,5,2500,0.15,Returning,Net Banking,0,246.71,10625.0
ORD10631,2026-04-25 07:35:20.613742496,Central,Mouse,5,8000,0.08,VIP,Credit Card,0,367.38,36800.0
ORD10632,2026-04-25 11:56:38.265510340,North,Monitor,9,500,0.05,Returning,UPI,1,305.37,4275.0
ORD10633,2026-04-25 16:17:55.917278186,West,Keyboard,1,12000,0.14,VIP,UPI,0,477.82,10320.0
ORD10634,2026-04-25 20:39:13.569046030,East,Keyboard,2,1200,0.15,Returning,Debit Card,0,319.01,2040.0
ORD10635,2026-04-26 01:00:31.220813876,North,Phone,6,1500,0.05,New,Debit Card,0,56.69,8550.0
ORD10636,2026-04-26 05:21:48.872581722,North,Laptop,5,25000,0.21,Returning,Net Banking,0,208.79,98750.0
ORD10637,2026-04-26 09:43:06.524349566,North,Monitor,7,1500,0.02,New,Cash,0,114.38,10290.0
ORD10638,2026-04-26 14:04:24.176117412,Central,Keyboard,3,55000,0.09,Returning,Credit Card,0,466.09,150150.0
ORD10639,2026-04-26 18:25:41.827885258,West,Phone,3,2500,0.17,New,Cash,0,96.81,6225.0
ORD10640,2026-04-26 22:46:59.479653102,Central,Printer,10,8000,0.07,New,Cash,1,224.47,74400.0
ORD10641,2026-04-27 03:08:17.131420948,West,Keyboard,2,1500,0.21,VIP,Debit Card,0,151.74,2370.0
ORD10642,2026-04-27 07:29:34.783188792,Central,Headphones,3,500,0.18,New,Debit Card,0,431.02,1230.0
ORD10643,2026-04-27 11:50:52.434956638,Central,Monitor,10,25000,0.2,VIP,Debit Card,1,188.85,200000.0
ORD10644,2026-04-27 16:12:10.086724484,East,Monitor,1,1500,0.03,New,Cash,0,496.35,1455.0
ORD10645,2026-04-27 20:33:27.738492328,Central,Headphones,5,25000,0.04,New,Credit Card,0,67.38,120000.0
ORD10646,2026-04-28 00:54:45.390260174,South,Tablet,5,5000,0.07,VIP,Debit Card,0,107.72,23250.0
ORD10647,2026-04-28 05:16:03.042028018,East,Printer,7,500,0.13,Returning,UPI,0,151.09,3045.0
ORD10648,2026-04-28 09:37:20.693795864,Central,Headphones,4,1200,0.19,Returning,Credit Card,0,415.0,3888.0
ORD10649,2026-04-28 13:58:38.345563710,North,Mouse,3,800,0.21,New,UPI,0,445.33,1896.0
ORD10650,2026-04-28 18:19:55.997331554,South,Mouse,1,25000,0.18,Returning,Credit Card,0,82.15,20500.0
ORD10651,2026-04-28 22:41:13.649099400,South,Phone,8,500,0.23,Returning,Debit Card,0,64.61,3080.0
ORD10652,2026-04-29 03:02:31.300867246,South,Monitor,3,25000,0.18,Returning,Net Banking,0,385.05,61500.0
ORD10653,2026-04-29 07:23:48.952635090,East,Tablet,2,25000,0.08,Returning,Debit Card,0,110.01,46000.0
ORD10654,2026-04-29 11:45:06.604402936,Central,Tablet,4,12000,0.07,VIP,Cash,0,109.85,44640.0
ORD10655,2026-04-29 16:06:24.256170780,Central,Keyboard,3,12000,0.17,Returning,Cash,0,60.06,29880.0
ORD10656,2026-04-29 20:27:41.907938626,North,Keyboard,1,500,0.05,VIP,Credit Card,0,72.41,475.0
ORD10657,2026-04-30 00:48:59.559706472,North,Headphones,3,12000,0.02,Returning,Cash,0,168.65,35280.0
ORD10658,2026-04-30 05:10:17.211474316,South,Tablet,2,55000,0.13,Returning,Debit Card,0,79.25,95700.0
ORD10659,2026-04-30 09:31:34.863242162,North,Headphones,8,1200,0.21,New,UPI,0,216.0,7584.0
ORD10660,2026-04-30 13:52:52.515010006,East,Printer,6,8000,0.03,New,Debit Card,0,424.75,46560.0
ORD10661,2026-04-30 18:14:10.166777852,Central,Headphones,9,500,0.2,VIP,Credit Card,0,196.84,3600.0
ORD10662,2026-04-30 22:35:27.818545698,South,Keyboard,8,500,0.2,New,Cash,1,377.53,3200.0
ORD10663,2026-05-01 02:56:45.470313542,North,Monitor,10,55000,0.12,New,UPI,0,92.26,484000.0
ORD10664,2026-05-01 07:18:03.122081388,East,Headphones,3,2500,0.01,New,Net Banking,0,346.72,7425.0
ORD10665,2026-05-01 11:39:20.773849234,East,Laptop,5,2500,0.04,New,UPI,0,192.54,12000.0
ORD10666,2026-05-01 16:00:38.425617078,North,Monitor,7,12000,0.18,VIP,UPI,0,387.39,68880.0
ORD10667,2026-05-01 20:21:56.077384924,Central,Tablet,5,8000,0.18,VIP,Debit Card,0,111.31,32800.0
ORD10668,2026-05-02 00:43:13.729152768,North,Tablet,8,12000,0.22,Returning,Net Banking,0,454.05,74880.0
ORD10669,2026-05-02 05:04:31.380920614,South,Headphones,5,5000,0.15,New,Credit Card,0,159.16,21250.0
ORD10670,2026-05-02 09:25:49.032688460,North,Monitor,1,5000,0.03,Returning,Credit Card,0,208.91,4850.0
ORD10671,2026-05-02 13:47:06.684456304,East,Keyboard,5,800,0.03,Returning,UPI,0,477.58,3880.0
ORD10672,2026-05-02 18:08:24.336224150,North,Keyboard,4,5000,0.18,VIP,UPI,0,310.32,16400.0
ORD10673,2026-05-02 22:29:41.987991994,Central,Mouse,6,2500,0.05,Returning,Cash,0,214.6,14250.0
ORD10674,2026-05-03 02:50:59.639759840,West,Tablet,3,1200,0.08,New,Net Banking,0,477.32,3312.0
ORD10675,2026-05-03 07:12:17.291527686,North,Phone,5,5000,0.12,Returning,UPI,0,198.08,22000.0
ORD10676,2026-05-03 11:33:34.943295530,Central,Mouse,2,12000,0.01,VIP,Cash,0,92.69,23760.0
ORD10677,2026-05-03 15:54:52.595063376,Central,Keyboard,6,25000,0.06,Returning,Net Banking,0,498.58,141000.0
ORD10678,2026-05-03 20:16:10.246831222,East,Monitor,6,500,0.1,Returning,Credit Card,0,170.53,2700.0
ORD10679,2026-05-04 00:37:27.898599066,Central,Printer,5,1200,0.07,New,Cash,0,433.07,5580.0
ORD10680,2026-05-04 04:58:45.550366912,Central,Keyboard,6,1200,0.03,Returning,Net Banking,0,124.49,6984.0
ORD10681,2026-05-04 09:20:03.202134756,Central,Monitor,7,12000,0.18,Returning,Cash,0,379.11,68880.0
ORD10682,2026-05-04 13:41:20.853902602,Central,Mouse,5,500,0.2,New,UPI,0,286.0,2000.0
ORD10683,2026-05-04 18:02:38.505670448,South,Tablet,1,2500,0.06,Returning,Debit Card,0,491.41,2350.0
ORD10684,2026-05-04 22:23:56.157438292,South,Keyboard,8,1200,0.19,New,Credit Card,0,298.77,7776.0
ORD10685,2026-05-05 02:45:13.809206138,East,Headphones,4,800,0.1,New,UPI,0,61.26,2880.0
ORD10686,2026-05-05 07:06:31.460973982,North,Monitor,9,12000,0.13,New,UPI,0,321.75,93960.0
ORD10687,2026-05-05 11:27:49.112741828,Central,Tablet,10,1200,0.21,New,Net Banking,0,115.39,9480.0
ORD10688,2026-05-05 15:49:06.764509674,North,Printer,6,8000,0.19,Returning,Cash,0,409.34,38880.0
ORD10689,2026-05-05 20:10:24.416277518,North,Printer,1,500,0.2,New,Credit Card,0,435.46,400.0
ORD10690,2026-05-06 00:31:42.068045364,East,Phone,3,5000,0.03,New,UPI,0,266.94,14550.0
ORD10691,2026-05-06 04:52:59.719813210,Central,Monitor,3,1200,0.02,VIP,Net Banking,0,402.45,3528.0
ORD10692,2026-05-06 09:14:17.371581054,Central,Mouse,10,12000,0.22,Returning,Credit Card,0,115.3,93600.0
ORD10693,2026-05-06 13:35:35.023348900,West,Phone,4,5000,0.1,Returning,Cash,0,271.44,18000.0
ORD10694,2026-05-06 17:56:52.675116744,North,Phone,6,800,0.07,New,UPI,0,227.27,4464.0
ORD10695,2026-05-06 22:18:10.326884590,North,Laptop,7,5000,0.18,Returning,UPI,0,325.09,28700.0
ORD10696,2026-05-07 02:39:27.978652436,South,Keyboard,10,8000,0.21,New,UPI,0,70.01,63200.0
ORD10697,2026-05-07 07:00:45.630420280,West,Monitor,4,2500,0.22,Returning,Credit Card,0,388.46,7800.0
ORD10698,2026-05-07 11:22:03.282188126,South,Phone,6,1200,0.08,New,Credit Card,0,85.61,6624.0
ORD10699,2026-05-07 15:43:20.933955970,South,Laptop,1,1500,0.21,Returning,Credit Card,0,345.41,1185.0
ORD10700,2026-05-07 20:04:38.585723816,South,Mouse,8,1500,0.01,New,Credit Card,0,58.31,11880.0
ORD10701,2026-05-08 00:25:56.237491662,East,Tablet,7,5000,0.01,Returning,Net Banking,0,424.35,34650.0
ORD10702,2026-05-08 04:47:13.889259506,East,Headphones,9,55000,0.16,Returning,Debit Card,0,128.61,415800.0
ORD10703,2026-05-08 09:08:31.541027352,South,Headphones,3,500,0.02,Returning,Net Banking,0,281.97,1470.0
ORD10704,2026-05-08 13:29:49.192795198,West,Monitor,2,1500,0.08,New,UPI,0,167.67,2760.0
ORD10705,2026-05-08 17:51:06.844563042,North,Phone,1,55000,0.17,Returning,Net Banking,0,375.19,45650.0
ORD10706,2026-05-08 22:12:24.496330888,West,Headphones,3,1500,0.08,VIP,Cash,0,194.61,4140.0
ORD10707,2026-05-09 02:33:42.148098732,Central,Keyboard,5,55000,0.04,Returning,Credit Card,0,376.07,264000.0
ORD10708,2026-05-09 06:54:59.799866578,East,Headphones,2,500,0.07,New,Cash,0,178.19,930.0
ORD10709,2026-05-09 11:16:17.451634424,North,Headphones,3,25000,0.11,New,Cash,0,388.61,66750.0
ORD10710,2026-05-09 15:37:35.103402268,North,Headphones,4,1500,0.12,VIP,UPI,0,63.77,5280.0
ORD10711,2026-05-09 19:58:52.755170114,Central,Printer,7,8000,0.2,Returning,Credit Card,0,177.49,44800.0
ORD10712,2026-05-10 00:20:10.406937958,Central,Laptop,3,1200,0.19,Returning,Cash,1,274.39,2916.0
ORD10713,2026-05-10 04:41:28.058705804,South,Phone,9,55000,0.11,VIP,UPI,0,70.28,440550.0
ORD10714,2026-05-10 09:02:45.710473650,East,Keyboard,8,1200,0.21,VIP,Credit Card,0,133.72,7584.0
ORD10715,2026-05-10 13:24:03.362241494,East,Phone,4,12000,0.03,Returning,Debit Card,0,470.54,46560.0
ORD10716,2026-05-10 17:45:21.014009340,West,Printer,1,12000,0.06,New,UPI,0,489.58,11280.0
ORD10717,2026-05-10 22:06:38.665777186,South,Monitor,1,500,0.21,New,Net Banking,0,382.89,395.0
ORD10718,2026-05-11 02:27:56.317545030,South,Monitor,1,55000,0.09,Returning,Credit Card,0,163.49,50050.0
ORD10719,2026-05-11 06:49:13.969312876,South,Monitor,1,800,0.25,New,Cash,0,167.23,600.0
ORD10720,2026-05-11 11:10:31.621080720,South,Mouse,8,12000,0.12,New,Cash,0,340.61,84480.0
ORD10721,2026-05-11 15:31:49.272848566,East,Headphones,3,500,0.2,New,Net Banking,0,102.92,1200.0
ORD10722,2026-05-11 19:53:06.924616412,East,Mouse,6,12000,0.1,New,Net Banking,1,476.74,64800.0
ORD10723,2026-05-12 00:14:24.576384256,South,Laptop,3,12000,0.11,Returning,Cash,0,151.17,32040.0
ORD10724,2026-05-12 04:35:42.228152102,West,Monitor,5,800,0.1,Returning,Credit Card,0,499.84,3600.0
ORD10725,2026-05-12 08:56:59.879919946,North,Printer,7,1500,0.18,Returning,UPI,0,273.08,8610.0
ORD10726,2026-05-12 13:18:17.531687792,North,Keyboard,2,5000,0.14,New,Net Banking,0,397.14,8600.0
ORD10727,2026-05-12 17:39:35.183455638,West,Phone,6,25000,0.24,VIP,Net Banking,0,50.98,114000.0
ORD10728,2026-05-12 22:00:52.835223482,South,Headphones,6,12000,0.06,New,Net Banking,0,449.94,67680.0
ORD10729,2026-05-13 02:22:10.486991328,East,Tablet,3,12000,0.03,Returning,Debit Card,0,171.5,34920.0
ORD10730,2026-05-13 06:43:28.138759174,North,Keyboard,6,8000,0.1,VIP,Credit Card,1,350.57,43200.0
ORD10731,2026-05-13 11:04:45.790527018,Central,Headphones,10,25000,0.15,New,Credit Card,0,412.86,212500.0
ORD10732,2026-05-13 15:26:03.442294864,Central,Mouse,10,800,0.22,Returning,Credit Card,0,123.87,6240.0
ORD10733,2026-05-13 19:47:21.094062708,West,Mouse,5,1200,0.09,VIP,Credit Card,1,249.13,5460.0
ORD10734,2026-05-14 00:08:38.745830554,South,Keyboard,2,55000,0.16,,Credit Card,0,272.23,92400.0
ORD10735,2026-05-14 04:29:56.397598400,North,Mouse,9,12000,0.09,Returning,Cash,0,190.45,98280.0
ORD10736,2026-05-14 08:51:14.049366244,South,Monitor,8,5000,0.15,Returning,Net Banking,0,266.79,34000.0
ORD10737,2026-05-14 13:12:31.701134090,North,Laptop,3,55000,0.22,New,Cash,0,192.9,128700.0
ORD10738,2026-05-14 17:33:49.352901934,West,Phone,8,25000,0.06,Returning,Debit Card,1,212.34,188000.0
ORD10739,2026-05-14 21:55:07.004669780,West,Laptop,9,55000,0.1,VIP,UPI,0,351.2,445500.0
ORD10740,2026-05-15 02:16:24.656437626,Central,Headphones,3,1500,0.25,Returning,Net Banking,0,334.67,3375.0
ORD10741,2026-05-15 06:37:42.308205470,South,Phone,3,12000,0.22,New,Debit Card,0,154.52,28080.0
ORD10742,2026-05-15 10:58:59.959973316,Central,Printer,2,55000,0.14,New,Cash,0,453.87,94600.0
ORD10743,2026-05-15 15:20:17.611741162,South,Phone,8,1200,0.13,Returning,UPI,0,438.25,8352.0
ORD10744,2026-05-15 19:41:35.263509006,Central,Laptop,10,1200,0.07,New,Debit Card,0,279.09,11160.0
ORD10745,2026-05-16 00:02:52.915276852,East,Keyboard,1,12000,0.13,Returning,UPI,1,244.96,10440.0
ORD10746,2026-05-16 04:24:10.567044696,East,Phone,8,2500,0.21,Returning,Debit Card,0,219.59,15800.0
ORD10747,2026-05-16 08:45:28.218812542,East,Printer,7,1200,0.17,Returning,Cash,0,368.27,6972.0
ORD10748,2026-05-16 13:06:45.870580388,East,Printer,7,55000,0.07,Returning,UPI,0,352.25,358050.0
ORD10749,2026-05-16 17:28:03.522348232,North,Printer,3,500,0.05,New,Debit Card,0,138.28,1425.0
ORD10750,2026-05-16 21:49:21.174116078,East,Laptop,1,1200,0.07,New,Cash,0,352.16,1116.0
ORD10751,2026-05-17 02:10:38.825883922,West,Phone,4,25000,0.04,New,Net Banking,0,163.59,96000.0
ORD10752,2026-05-17 06:31:56.477651768,West,Tablet,9,2500,0.02,Returning,Cash,0,58.35,22050.0
ORD10753,2026-05-17 10:53:14.129419614,North,Keyboard,5,55000,0.1,Returning,Cash,0,364.64,247500.0
ORD10754,2026-05-17 15:14:31.781187458,East,Monitor,1,800,0.03,Returning,Net Banking,0,340.16,776.0
ORD10755,2026-05-17 19:35:49.432955304,East,Phone,5,8000,0.04,Returning,Cash,0,234.86,38400.0
ORD10756,2026-05-17 23:57:07.084723150,East,Printer,8,800,0.14,VIP,Net Banking,0,286.56,5504.0
ORD10757,2026-05-18 04:18:24.736490994,Central,Tablet,8,1500,0.04,New,Net Banking,0,476.23,11520.0
ORD10758,2026-05-18 08:39:42.388258840,South,Monitor,5,8000,0.02,New,Net Banking,0,317.84,39200.0
ORD10759,2026-05-18 13:01:00.040026684,Central,Monitor,9,1500,0.08,New,Debit Card,0,346.05,12420.0
ORD10760,2026-05-18 17:22:17.691794530,South,Headphones,1,8000,0.06,Returning,UPI,0,78.76,7520.0
ORD10761,2026-05-18 21:43:35.343562376,East,Phone,4,8000,0.13,New,Debit Card,0,124.7,27840.0
ORD10762,2026-05-19 02:04:52.995330220,East,Laptop,3,500,0.03,Returning,Net Banking,0,185.43,1455.0
ORD10763,2026-05-19 06:26:10.647098066,Central,Phone,2,5000,0.19,Returning,UPI,0,292.72,8100.0
ORD10764,2026-05-19 10:47:28.298865910,Central,Tablet,8,25000,0.23,VIP,UPI,0,399.47,154000.0
ORD10765,2026-05-19 15:08:45.950633756,South,Monitor,7,800,0.19,VIP,Net Banking,0,194.56,4536.0
ORD10766,2026-05-19 19:30:03.602401602,West,Phone,9,1200,0.13,New,UPI,0,210.37,9396.0
ORD10767,2026-05-19 23:51:21.254169446,South,Laptop,2,55000,0.22,Returning,UPI,0,165.27,85800.0
ORD10768,2026-05-20 04:12:38.905937292,Central,Headphones,4,2500,0.17,Returning,Debit Card,1,164.57,8300.0
ORD10769,2026-05-20 08:33:56.557705136,Central,Phone,6,25000,0.0,New,UPI,0,476.99,150000.0
ORD10770,2026-05-20 12:55:14.209472982,North,Keyboard,3,1500,0.1,New,Net Banking,0,335.96,4050.0
ORD10771,2026-05-20 17:16:31.861240828,Central,Headphones,8,500,0.21,Returning,Credit Card,0,120.16,3160.0
ORD10772,2026-05-20 21:37:49.513008672,North,Laptop,3,1500,0.09,New,Credit Card,1,375.01,4095.0
ORD10773,2026-05-21 01:59:07.164776518,West,Tablet,2,5000,0.01,Returning,Credit Card,0,374.91,9900.0
ORD10774,2026-05-21 06:20:24.816544364,South,Monitor,3,2500,0.19,Returning,Net Banking,0,349.91,6075.0
ORD10775,2026-05-21 10:41:42.468312208,South,Phone,6,500,0.2,New,Credit Card,0,110.62,2400.0
ORD10776,2026-05-21 15:03:00.120080054,North,Laptop,2,1500,0.04,Returning,Debit Card,0,233.6,2880.0
ORD10777,2026-05-21 19:24:17.771847898,South,Headphones,8,5000,0.13,New,Net Banking,1,98.04,34800.0
ORD10778,2026-05-21 23:45:35.423615744,Central,Keyboard,1,55000,0.05,Returning,Net Banking,0,417.48,52250.0
ORD10779,2026-05-22 04:06:53.075383590,East,Laptop,7,55000,0.18,New,Net Banking,0,344.83,315700.0
ORD10780,2026-05-22 08:28:10.727151434,North,Mouse,2,1500,0.07,VIP,UPI,1,278.24,2790.0
ORD10781,2026-05-22 12:49:28.378919280,South,Printer,10,25000,0.08,New,UPI,0,204.36,230000.0
ORD10782,2026-05-22 17:10:46.030687124,North,Keyboard,6,2500,0.21,New,UPI,0,132.91,11850.0
ORD10783,2026-05-22 21:32:03.682454970,North,Headphones,2,12000,0.12,New,Cash,1,97.9,21120.0
ORD10784,2026-05-23 01:53:21.334222816,East,Tablet,2,25000,0.17,New,Debit Card,0,486.16,41500.0
ORD10785,2026-05-23 06:14:38.985990660,Central,Monitor,10,55000,0.1,New,Net Banking,0,139.84,495000.0
ORD10786,2026-05-23 10:35:56.637758506,North,Headphones,8,2500,0.07,Returning,Net Banking,1,76.94,18600.0
ORD10787,2026-05-23 14:57:14.289526352,South,Printer,2,5000,0.16,Returning,UPI,0,482.75,8400.0
ORD10788,2026-05-23 19:18:31.941294196,West,Tablet,7,500,0.04,New,Net Banking,0,297.03,3360.0
ORD10789,2026-05-23 23:39:49.593062042,North,Phone,3,8000,0.09,New,Net Banking,0,408.5,21840.0
ORD10790,2026-05-24 04:01:07.244829886,North,Laptop,8,1500,0.05,Returning,Credit Card,0,69.69,11400.0
ORD10791,2026-05-24 08:22:24.896597732,East,Mouse,7,800,0.17,Returning,Net Banking,0,305.13,4648.0
ORD10792,2026-05-24 12:43:42.548365578,Central,Keyboard,8,2500,0.24,New,Cash,0,229.19,15200.0
ORD10793,2026-05-24 17:05:00.200133422,West,Keyboard,7,1200,0.25,Returning,UPI,0,397.38,6300.0
ORD10794,2026-05-24 21:26:17.851901268,South,Laptop,6,5000,0.11,New,Debit Card,0,67.29,26700.0
ORD10795,2026-05-25 01:47:35.503669112,West,Mouse,7,12000,0.06,Returning,Debit Card,0,230.76,78960.0
ORD10796,2026-05-25 06:08:53.155436958,South,Laptop,5,8000,0.11,New,Credit Card,0,409.58,35600.0
ORD10797,2026-05-25 10:30:10.807204804,Central,Phone,7,1200,0.21,New,Debit Card,0,285.21,6636.0
ORD10798,2026-05-25 14:51:28.458972648,South,Printer,1,12000,0.05,VIP,Debit Card,0,297.52,11400.0
ORD10799,2026-05-25 19:12:46.110740494,East,Tablet,1,800,0.24,New,UPI,0,93.72,608.0
ORD10800,2026-05-25 23:34:03.762508340,East,Headphones,9,55000,0.09,Returning,UPI,0,109.55,450450.0
ORD10801,2026-05-26 03:55:21.414276184,East,Keyboard,5,25000,0.25,New,Cash,0,354.65,93750.0
ORD10802,2026-05-26 08:16:39.066044030,East,Phone,5,1500,0.21,Returning,Credit Card,0,353.77,5925.0
ORD10803,2026-05-26 12:37:56.717811874,West,Tablet,3,500,0.2,VIP,Debit Card,0,490.6,1200.0
ORD10804,2026-05-26 16:59:14.369579720,Central,Phone,5,12000,0.08,New,Cash,0,370.38,55200.0
ORD10805,2026-05-26 21:20:32.021347566,South,Mouse,3,8000,0.0,Returning,Credit Card,0,271.96,24000.0
ORD10806,2026-05-27 01:41:49.673115410,South,Keyboard,9,2500,0.1,Returning,Debit Card,0,435.8,20250.0
ORD10807,2026-05-27 06:03:07.324883256,East,Headphones,9,55000,0.08,Returning,Debit Card,0,97.01,455400.0
ORD10808,2026-05-27 10:24:24.976651100,East,Laptop,6,2500,0.01,Returning,UPI,0,252.18,14850.0
ORD10809,2026-05-27 14:45:42.628418946,North,Laptop,1,8000,0.13,VIP,Net Banking,0,179.2,6960.0
ORD10810,2026-05-27 19:07:00.280186792,Central,Tablet,7,2500,0.1,New,Credit Card,0,97.09,15750.0
ORD10811,2026-05-27 23:28:17.931954636,West,Headphones,7,12000,0.16,New,Debit Card,0,393.58,70560.0
ORD10812,2026-05-28 03:49:35.583722482,South,Printer,10,5000,0.16,VIP,Credit Card,0,279.86,42000.0
ORD10813,2026-05-28 08:10:53.235490328,North,Monitor,10,2500,0.03,Returning,Cash,0,300.55,24250.0
ORD10814,2026-05-28 12:32:10.887258172,North,Mouse,4,25000,0.24,New,Cash,0,235.06,76000.0
ORD10815,2026-05-28 16:53:28.539026018,South,Tablet,8,800,0.05,Returning,Net Banking,0,257.15,6080.0
ORD10816,2026-05-28 21:14:46.190793862,West,Monitor,6,500,0.11,Returning,Debit Card,0,102.21,2670.0
ORD10817,2026-05-29 01:36:03.842561708,North,Phone,4,12000,0.12,New,UPI,0,352.81,42240.0
ORD10818,2026-05-29 05:57:21.494329554,North,Mouse,4,1200,0.2,New,Debit Card,0,244.6,3840.0
ORD10819,2026-05-29 10:18:39.146097398,Central,Phone,2,8000,0.02,Returning,Credit Card,0,417.55,15680.0
ORD10820,2026-05-29 14:39:56.797865244,West,Printer,2,55000,0.11,New,Cash,0,138.33,97900.0
ORD10821,2026-05-29 19:01:14.449633088,North,Headphones,4,12000,0.16,Returning,Credit Card,0,142.27,40320.0
ORD10822,2026-05-29 23:22:32.101400934,West,Keyboard,5,5000,0.05,Returning,Net Banking,0,340.59,23750.0
ORD10823,2026-05-30 03:43:49.753168780,South,Mouse,8,55000,0.16,New,Cash,0,430.7,369600.0
ORD10824,2026-05-30 08:05:07.404936624,East,Monitor,6,25000,0.23,New,UPI,0,262.49,115500.0
ORD10825,2026-05-30 12:26:25.056704470,North,Printer,4,8000,0.25,New,Cash,0,377.13,24000.0
ORD10826,2026-05-30 16:47:42.708472316,Central,Keyboard,7,55000,0.01,Returning,Debit Card,0,499.7,381150.0
ORD10827,2026-05-30 21:09:00.360240160,South,Laptop,8,2500,0.06,Returning,Debit Card,0,495.62,18800.0
ORD10828,2026-05-31 01:30:18.012008006,West,Monitor,2,12000,0.08,New,Cash,0,384.95,22080.0
ORD10829,2026-05-31 05:51:35.663775850,South,Tablet,7,800,0.1,Returning,Net Banking,0,382.81,5040.0
ORD10830,2026-05-31 10:12:53.315543696,North,Laptop,2,8000,0.06,New,Debit Card,0,161.43,15040.0
ORD10831,2026-05-31 14:34:10.967311542,West,Printer,2,1500,0.05,New,Debit Card,0,425.09,2850.0
ORD10832,2026-05-31 18:55:28.619079386,East,Laptop,8,25000,0.24,New,UPI,1,232.3,152000.0
ORD10833,2026-05-31 23:16:46.270847232,South,Tablet,2,500,0.23,New,Cash,0,482.9,770.0
ORD10834,2026-06-01 03:38:03.922615076,North,Mouse,9,8000,0.01,New,Debit Card,0,86.64,71280.0
ORD10835,2026-06-01 07:59:21.574382922,Central,Laptop,1,5000,0.08,New,Net Banking,0,246.13,4600.0
ORD10836,2026-06-01 12:20:39.226150768,West,Headphones,9,12000,0.1,VIP,Credit Card,1,300.13,97200.0
ORD10837,2026-06-01 16:41:56.877918612,South,Monitor,1,2500,0.06,Returning,Cash,0,232.32,2350.0
ORD10838,2026-06-01 21:03:14.529686458,South,Keyboard,10,500,0.16,New,UPI,0,144.76,4200.0
ORD10839,2026-06-02 01:24:32.181454304,East,Laptop,10,500,0.16,New,Debit Card,0,316.84,4200.0
ORD10840,2026-06-02 05:45:49.833222148,East,Monitor,2,25000,0.21,New,Net Banking,0,390.16,39500.0
ORD10841,2026-06-02 10:07:07.484989994,Central,Phone,6,55000,0.19,New,Cash,0,340.18,267300.0
ORD10842,2026-06-02 14:28:25.136757838,Central,Monitor,6,5000,0.14,Returning,Net Banking,0,155.5,25800.0
ORD10843,2026-06-02 18:49:42.788525684,North,Keyboard,1,55000,0.16,New,Net Banking,0,379.22,46200.0
ORD10844,2026-06-02 23:11:00.440293530,North,Monitor,7,2500,0.07,New,UPI,0,165.6,16275.0
ORD10845,2026-06-03 03:32:18.092061374,Central,Tablet,8,500,0.15,New,Cash,0,128.84,3400.0
ORD10846,2026-06-03 07:53:35.743829220,Central,Printer,2,5000,0.12,New,Debit Card,0,360.8,8800.0
ORD10847,2026-06-03 12:14:53.395597064,West,Keyboard,8,5000,0.03,New,UPI,0,429.25,38800.0
ORD10848,2026-06-03 16:36:11.047364910,East,Printer,9,1200,0.06,Returning,Debit Card,0,266.69,10152.0
ORD10849,2026-06-03 20:57:28.699132756,North,Mouse,6,12000,0.07,New,Credit Card,0,289.13,66960.0
ORD10850,2026-06-04 01:18:46.350900600,East,Printer,5,500,0.23,Returning,Net Banking,0,186.24,1925.0
ORD10851,2026-06-04 05:40:04.002668446,East,Phone,9,500,0.06,Returning,Credit Card,0,272.58,4230.0
ORD10852,2026-06-04 10:01:21.654436292,Central,Tablet,9,5000,0.07,VIP,Net Banking,0,109.39,41850.0
ORD10853,2026-06-04 14:22:39.306204136,West,Mouse,1,55000,0.09,VIP,UPI,0,480.12,50050.0
ORD10854,2026-06-04 18:43:56.957971982,South,Monitor,3,500,0.17,Returning,Debit Card,0,410.16,1245.0
ORD10855,2026-06-04 23:05:14.609739826,West,Keyboard,9,5000,0.03,New,Debit Card,0,350.59,43650.0
ORD10856,2026-06-05 03:26:32.261507672,West,Phone,2,500,0.24,Returning,UPI,0,292.19,760.0
ORD10857,2026-06-05 07:47:49.913275518,East,Tablet,4,5000,0.22,Returning,Cash,0,406.48,15600.0
ORD10858,2026-06-05 12:09:07.565043362,West,Mouse,4,1200,0.14,New,Credit Card,0,272.64,4128.0
ORD10859,2026-06-05 16:30:25.216811208,North,Mouse,2,12000,0.17,Returning,Credit Card,0,184.99,19920.0
ORD10860,2026-06-05 20:51:42.868579052,East,Phone,3,5000,0.0,VIP,Debit Card,0,122.17,15000.0
ORD10861,2026-06-06 01:13:00.520346898,North,Headphones,3,500,0.08,Returning,Debit Card,0,341.41,1380.0
ORD10862,2026-06-06 05:34:18.172114744,South,Monitor,1,2500,0.2,New,Debit Card,0,468.24,2000.0
ORD10863,2026-06-06 09:55:35.823882588,East,Phone,6,12000,0.02,New,UPI,0,119.13,70560.0
ORD10864,2026-06-06 14:16:53.475650434,South,Mouse,8,1200,0.07,New,Cash,0,131.01,8928.0
ORD10865,2026-06-06 18:38:11.127418280,East,Laptop,3,5000,0.15,New,Credit Card,0,245.12,12750.0
ORD10866,2026-06-06 22:59:28.779186124,Central,Tablet,5,2500,0.06,Returning,Net Banking,0,413.1,11750.0
ORD10867,2026-06-07 03:20:46.430953970,West,Phone,1,5000,0.23,Returning,UPI,0,182.27,3850.0
ORD10868,2026-06-07 07:42:04.082721814,Central,Headphones,10,55000,0.03,New,Credit Card,0,164.26,533500.0
ORD10869,2026-06-07 12:03:21.734489660,South,Mouse,7,500,0.2,VIP,Cash,0,328.98,2800.0
ORD10870,2026-06-07 16:24:39.386257506,West,Monitor,10,8000,0.13,New,UPI,0,291.03,69600.0
ORD10871,2026-06-07 20:45:57.038025350,East,Printer,1,25000,0.19,New,Credit Card,0,77.1,20250.0
ORD10872,2026-06-08 01:07:14.689793196,West,Mouse,9,800,0.08,Returning,UPI,0,86.67,6624.0
ORD10873,2026-06-08 05:28:32.341561040,North,Monitor,8,55000,0.13,Returning,Credit Card,0,339.36,382800.0
ORD10874,2026-06-08 09:49:49.993328886,West,Phone,7,2500,0.21,Returning,Credit Card,0,259.31,13825.0
ORD10875,2026-06-08 14:11:07.645096732,North,Monitor,10,55000,0.12,VIP,Cash,0,486.94,484000.0
ORD10876,2026-06-08 18:32:25.296864576,West,Keyboard,7,1500,0.09,Returning,Net Banking,0,355.34,9555.0
ORD10877,2026-06-08 22:53:42.948632422,North,Keyboard,5,5000,0.13,VIP,Cash,0,54.53,21750.0
ORD10878,2026-06-09 03:15:00.600400268,South,Keyboard,5,5000,0.18,New,Credit Card,1,266.46,20500.0
ORD10879,2026-06-09 07:36:18.252168112,Central,Headphones,5,800,0.11,Returning,UPI,0,236.5,3560.0
ORD10880,2026-06-09 11:57:35.903935958,East,Headphones,1,800,0.23,VIP,Cash,1,98.02,616.0
ORD10881,2026-06-09 16:18:53.555703802,West,Laptop,8,1500,0.07,Returning,Net Banking,0,465.44,11160.0
ORD10882,2026-06-09 20:40:11.207471648,Central,Headphones,1,500,0.12,New,Credit Card,0,412.26,440.0
ORD10883,2026-06-10 01:01:28.859239494,East,Printer,4,25000,0.19,Returning,Cash,0,153.54,81000.0
ORD10884,2026-06-10 05:22:46.511007338,East,Phone,9,8000,0.17,Returning,Cash,0,165.19,59760.0
ORD10885,2026-06-10 09:44:04.162775184,North,Mouse,9,8000,0.22,New,Cash,1,64.41,56160.0
ORD10886,2026-06-10 14:05:21.814543028,South,Mouse,5,1200,0.25,VIP,Cash,0,183.52,4500.0
ORD10887,2026-06-10 18:26:39.466310874,South,Laptop,4,1200,0.11,New,UPI,0,313.08,4272.0
ORD10888,2026-06-10 22:47:57.118078720,Central,Headphones,3,500,0.03,New,Net Banking,1,239.38,1455.0
ORD10889,2026-06-11 03:09:14.769846564,South,Printer,3,1200,0.01,VIP,Net Banking,0,486.16,3564.0
ORD10890,2026-06-11 07:30:32.421614410,West,Monitor,5,1200,0.18,Returning,Credit Card,0,75.24,4920.0
ORD10891,2026-06-11 11:51:50.073382256,South,Laptop,10,1500,0.22,New,Debit Card,0,316.14,11700.0
ORD10892,2026-06-11 16:13:07.725150100,Central,Printer,1,1500,0.06,Returning,UPI,0,436.24,1410.0
ORD10893,2026-06-11 20:34:25.376917946,South,Monitor,5,1200,0.04,Returning,Credit Card,0,266.33,5760.0
ORD10894,2026-06-12 00:55:43.028685790,West,Printer,6,55000,0.02,New,Credit Card,0,51.33,323400.0
ORD10895,2026-06-12 05:17:00.680453636,North,Monitor,7,12000,0.21,VIP,Cash,0,159.26,66360.0
ORD10896,2026-06-12 09:38:18.332221482,Central,Tablet,9,12000,0.08,Returning,Debit Card,0,195.7,99360.0
ORD10897,2026-06-12 13:59:35.983989326,North,Printer,3,500,0.1,Returning,Debit Card,0,484.7,1350.0
ORD10898,2026-06-12 18:20:53.635757172,North,Mouse,2,8000,0.13,Returning,UPI,1,460.3,13920.0
ORD10899,2026-06-12 22:42:11.287525016,North,Keyboard,3,800,0.21,Returning,Debit Card,0,477.13,1896.0
ORD10900,2026-06-13 03:03:28.939292862,East,Headphones,9,500,0.16,New,Credit Card,0,421.59,3780.0
ORD10901,2026-06-13 07:24:46.591060708,East,Monitor,7,1200,0.15,New,Debit Card,0,208.24,7140.0
ORD10902,2026-06-13 11:46:04.242828552,North,Tablet,9,1500,0.04,Returning,Debit Card,0,457.64,12960.0
ORD10903,2026-06-13 16:07:21.894596398,Central,Printer,2,5000,0.13,Returning,Net Banking,0,491.76,8700.0
ORD10904,2026-06-13 20:28:39.546364244,West,Mouse,5,55000,0.18,New,Credit Card,0,207.53,225500.0
ORD10905,2026-06-14 00:49:57.198132088,West,Keyboard,4,2500,0.24,Returning,Debit Card,0,167.25,7600.0
ORD10906,2026-06-14 05:11:14.849899934,South,Monitor,2,1500,0.05,Returning,Debit Card,0,296.11,2850.0
ORD10907,2026-06-14 09:32:32.501667778,Central,Printer,9,12000,0.0,New,Cash,0,134.22,108000.0
ORD10908,2026-06-14 13:53:50.153435624,East,Printer,9,1500,0.02,New,Debit Card,0,64.68,13230.0
ORD10909,2026-06-14 18:15:07.805203470,North,Monitor,6,55000,0.09,New,Debit Card,0,475.62,300300.0
ORD10910,2026-06-14 22:36:25.456971314,South,Laptop,6,800,0.21,Returning,Net Banking,0,466.58,3792.0
ORD10911,2026-06-15 02:57:43.108739160,West,Laptop,8,1200,0.0,New,Credit Card,0,123.19,9600.0
ORD10912,2026-06-15 07:19:00.760507004,East,Mouse,6,5000,0.11,New,UPI,0,233.48,26700.0
ORD10913,2026-06-15 11:40:18.412274850,East,Keyboard,1,12000,0.08,Returning,Credit Card,1,423.97,11040.0
ORD10914,2026-06-15 16:01:36.064042696,North,Monitor,4,12000,0.01,Returning,Cash,0,347.45,47520.0
ORD10915,2026-06-15 20:22:53.715810540,West,Mouse,7,25000,0.11,New,Credit Card,0,227.65,155750.0
ORD10916,2026-06-16 00:44:11.367578386,Central,Mouse,2,8000,0.06,New,Debit Card,0,384.88,15040.0
ORD10917,2026-06-16 05:05:29.019346232,East,Phone,9,800,0.09,Returning,Cash,0,453.67,6552.0
ORD10918,2026-06-16 09:26:46.671114076,North,Printer,8,12000,0.18,VIP,Credit Card,0,466.77,78720.0
ORD10919,2026-06-16 13:48:04.322881922,Central,Headphones,8,8000,0.13,VIP,Cash,0,220.48,55680.0
ORD10920,2026-06-16 18:09:21.974649766,West,Printer,7,12000,0.03,Returning,UPI,0,128.1,81480.0
ORD10921,2026-06-16 22:30:39.626417612,East,Laptop,4,1200,0.24,New,Credit Card,0,460.78,3648.0
ORD10922,2026-06-17 02:51:57.278185458,Central,Keyboard,2,8000,0.16,New,Debit Card,0,91.65,13440.0
ORD10923,2026-06-17 07:13:14.929953302,Central,Printer,3,55000,0.19,New,Cash,0,374.76,133650.0
ORD10924,2026-06-17 11:34:32.581721148,Central,Monitor,6,25000,0.02,New,Net Banking,0,113.22,147000.0
ORD10925,2026-06-17 15:55:50.233488992,East,Mouse,5,1200,0.01,Returning,Cash,0,225.22,5940.0
ORD10926,2026-06-17 20:17:07.885256838,East,Monitor,8,55000,0.0,New,Net Banking,0,235.2,440000.0
ORD10927,2026-06-18 00:38:25.537024684,South,Phone,6,5000,0.05,New,Debit Card,0,121.44,28500.0
ORD10928,2026-06-18 04:59:43.188792528,West,Keyboard,6,800,0.1,VIP,UPI,0,465.21,4320.0
ORD10929,2026-06-18 09:21:00.840560374,North,Mouse,1,800,0.23,New,Net Banking,0,51.2,616.0
ORD10930,2026-06-18 13:42:18.492328220,Central,Monitor,4,2500,0.11,New,UPI,0,452.21,8900.0
ORD10931,2026-06-18 18:03:36.144096064,South,Laptop,5,2500,0.07,New,Cash,0,447.72,11625.0
ORD10932,2026-06-18 22:24:53.795863910,North,Headphones,3,8000,0.14,Returning,Debit Card,0,192.63,20640.0
ORD10933,2026-06-19 02:46:11.447631754,South,Phone,9,800,0.03,Returning,Net Banking,0,366.93,6984.0
ORD10934,2026-06-19 07:07:29.099399600,East,Keyboard,1,8000,0.15,New,Cash,0,163.76,6800.0
ORD10935,2026-06-19 11:28:46.751167446,Central,Phone,6,2500,0.14,Returning,Credit Card,0,391.45,12900.0
ORD10936,2026-06-19 15:50:04.402935290,North,Laptop,6,5000,0.2,Returning,Cash,0,302.5,24000.0
ORD10937,2026-06-19 20:11:22.054703136,North,Keyboard,10,12000,0.25,Returning,UPI,0,185.1,90000.0
ORD10938,2026-06-20 00:32:39.706470980,North,Phone,5,55000,0.06,VIP,Debit Card,0,230.11,258500.0
ORD10939,2026-06-20 04:53:57.358238826,North,Tablet,5,1500,0.13,Returning,Debit Card,0,360.45,6525.0
ORD10940,2026-06-20 09:15:15.010006672,North,Laptop,10,8000,0.23,Returning,Cash,0,457.74,61600.0
ORD10941,2026-06-20 13:36:32.661774516,South,Laptop,5,5000,0.2,New,Credit Card,0,108.83,20000.0
ORD10942,2026-06-20 17:57:50.313542362,Central,Laptop,6,55000,0.12,New,UPI,0,307.11,290400.0
ORD10943,2026-06-20 22:19:07.965310208,East,Tablet,8,800,0.24,New,Cash,0,164.18,4864.0
ORD10944,2026-06-21 02:40:25.617078052,East,Tablet,2,12000,0.01,Returning,Cash,0,410.62,23760.0
ORD10945,2026-06-21 07:01:43.268845898,East,Monitor,6,55000,0.23,Returning,Debit Card,0,81.61,254100.0
ORD10946,2026-06-21 11:23:00.920613742,East,Mouse,1,25000,0.01,Returning,UPI,0,360.03,24750.0
ORD10947,2026-06-21 15:44:18.572381588,South,Headphones,4,2500,0.14,New,Credit Card,0,128.73,8600.0
ORD10948,2026-06-21 20:05:36.224149434,West,Phone,10,55000,0.22,Returning,Debit Card,0,318.37,429000.0
ORD10949,2026-06-22 00:26:53.875917278,Central,Monitor,3,1500,0.07,VIP,Cash,0,426.06,4185.0
ORD10950,2026-06-22 04:48:11.527685124,North,Phone,9,5000,0.12,Returning,Debit Card,0,389.79,39600.0
ORD10951,2026-06-22 09:09:29.179452968,West,Headphones,3,12000,0.08,Returning,Debit Card,0,388.82,33120.0
ORD10952,2026-06-22 13:30:46.831220814,East,Mouse,6,1200,0.24,Returning,Net Banking,0,283.03,5472.0
ORD10953,2026-06-22 17:52:04.482988660,West,Tablet,1,55000,0.21,VIP,Debit Card,0,450.84,43450.0
ORD10954,2026-06-22 22:13:22.134756504,Central,Mouse,6,500,0.18,Returning,Debit Card,0,314.65,2460.0
ORD10955,2026-06-23 02:34:39.786524350,North,Tablet,4,1500,0.15,Returning,UPI,0,462.88,5100.0
ORD10956,2026-06-23 06:55:57.438292196,North,Headphones,8,1500,0.21,New,Debit Card,1,295.94,9480.0
ORD10957,2026-06-23 11:17:15.090060040,Central,Mouse,9,500,0.1,New,Credit Card,1,277.68,4050.0
ORD10958,2026-06-23 15:38:32.741827886,Central,Monitor,4,25000,0.11,Returning,Cash,0,150.06,89000.0
ORD10959,2026-06-23 19:59:50.393595730,East,Keyboard,10,1200,0.18,New,UPI,1,295.15,9840.0
ORD10960,2026-06-24 00:21:08.045363576,North,Monitor,10,2500,0.09,VIP,Debit Card,0,113.26,22750.0
ORD10961,2026-06-24 04:42:25.697131422,West,Phone,6,5000,0.02,New,Credit Card,0,441.36,29400.0
ORD10962,2026-06-24 09:03:43.348899266,South,Monitor,1,12000,0.02,VIP,Cash,0,354.15,11760.0
ORD10963,2026-06-24 13:25:01.000667112,South,Headphones,4,5000,0.03,New,UPI,0,497.14,19400.0
ORD10964,2026-06-24 17:46:18.652434956,Central,Laptop,7,1200,0.22,New,Credit Card,0,91.44,6552.0
ORD10965,2026-06-24 22:07:36.304202802,East,Phone,1,5000,0.12,VIP,Debit Card,1,158.3,4400.0
ORD10966,2026-06-25 02:28:53.955970648,South,Mouse,8,500,0.18,New,Net Banking,0,444.72,3280.0
ORD10967,2026-06-25 06:50:11.607738492,North,Phone,10,1500,0.1,New,Net Banking,0,227.86,13500.0
ORD10968,2026-06-25 11:11:29.259506338,Central,Keyboard,6,5000,0.06,New,UPI,0,259.84,28200.0
ORD10969,2026-06-25 15:32:46.911274184,West,Tablet,5,8000,0.09,Returning,Credit Card,0,437.29,36400.0
ORD10970,2026-06-25 19:54:04.563042028,Central,Mouse,10,55000,0.2,New,Cash,0,284.82,440000.0
ORD10971,2026-06-26 00:15:22.214809874,West,Printer,9,1200,0.16,Returning,Credit Card,0,137.06,9072.0
ORD10972,2026-06-26 04:36:39.866577718,Central,Phone,2,25000,0.23,Returning,Net Banking,0,451.41,38500.0
ORD10973,2026-06-26 08:57:57.518345564,Central,Mouse,5,8000,0.17,Returning,UPI,0,63.98,33200.0
ORD10974,2026-06-26 13:19:15.170113410,Central,Mouse,6,500,0.14,Returning,Debit Card,0,452.93,2580.0
ORD10975,2026-06-26 17:40:32.821881254,West,Mouse,7,800,0.15,Returning,Credit Card,0,72.73,4760.0
ORD10976,2026-06-26 22:01:50.473649100,West,Tablet,5,500,0.24,New,Net Banking,1,349.63,1900.0
ORD10977,2026-06-27 02:23:08.125416944,Central,Printer,9,25000,0.2,Returning,Cash,0,82.26,180000.0
ORD10978,2026-06-27 06:44:25.777184790,South,Headphones,1,25000,0.01,New,UPI,0,367.8,24750.0
ORD10979,2026-06-27 11:05:43.428952636,East,Monitor,7,8000,0.13,Returning,Debit Card,0,65.29,48720.0
ORD10980,2026-06-27 15:27:01.080720480,East,Mouse,10,55000,0.17,New,Credit Card,0,429.11,456500.0
ORD10981,2026-06-27 19:48:18.732488326,East,Laptop,7,1200,0.19,VIP,Cash,1,259.67,6804.0
ORD10982,2026-06-28 00:09:36.384256172,West,Headphones,4,2500,0.05,New,Debit Card,0,92.05,9500.0
ORD10983,2026-06-28 04:30:54.036024016,West,Keyboard,9,1500,0.22,New,Net Banking,0,368.07,10530.0
ORD10984,2026-06-28 08:52:11.687791862,South,Tablet,5,8000,0.24,Returning,Net Banking,0,270.18,30400.0
ORD10985,2026-06-28 13:13:29.339559706,East,Phone,4,25000,0.06,Returning,Cash,1,135.93,94000.0
ORD10986,2026-06-28 17:34:46.991327552,East,Tablet,7,800,0.22,New,Net Banking,0,57.05,4368.0
ORD10987,2026-06-28 21:56:04.643095398,Central,Phone,4,12000,0.02,Returning,UPI,0,238.1,47040.0
ORD10988,2026-06-29 02:17:22.294863242,West,Tablet,3,25000,0.01,Returning,Cash,0,88.53,74250.0
ORD10989,2026-06-29 06:38:39.946631088,East,Phone,9,55000,0.03,VIP,Net Banking,0,92.38,480150.0
ORD10990,2026-06-29 10:59:57.598398932,South,Mouse,8,55000,0.01,Returning,Credit Card,0,170.3,435600.0
ORD10991,2026-06-29 15:21:15.250166778,South,Monitor,1,25000,0.21,New,Net Banking,0,333.71,19750.0
ORD10992,2026-06-29 19:42:32.901934624,East,Phone,7,55000,0.01,New,UPI,0,288.46,381150.0
ORD10993,2026-06-30 00:03:50.553702468,West,Printer,9,8000,0.07,VIP,Debit Card,0,81.04,66960.0
ORD10994,2026-06-30 04:25:08.205470314,South,Phone,8,25000,0.03,Returning,Debit Card,0,485.79,194000.0
ORD10995,2026-06-30 08:46:25.857238160,Central,Laptop,8,25000,0.07,New,Net Banking,0,449.23,186000.0
ORD10996,2026-06-30 13:07:43.509006004,South,Phone,6,1200,0.02,New,Debit Card,0,166.65,7056.0
ORD10997,2026-06-30 17:29:01.160773850,North,Laptop,4,1500,0.17,Returning,Net Banking,0,105.05,4980.0
ORD10998,2026-06-30 21:50:18.812541694,North,Keyboard,8,800,0.03,New,UPI,0,474.08,6208.0
ORD10999,2026-07-01 02:11:36.464309540,West,Mouse,3,55000,0.21,New,Debit Card,0,257.51,130350.0
ORD11000,2026-07-01 06:32:54.116077386,East,Laptop,9,1200,0.2,New,Credit Card,0,190.03,8640.0
ORD11001,2026-07-01 10:54:11.767845230,West,Monitor,2,2500,0.0,New,Net Banking,0,270.66,5000.0
ORD11002,2026-07-01 15:15:29.419613076,West,Headphones,2,2500,0.22,New,Debit Card,0,397.73,3900.0
ORD11003,2026-07-01 19:36:47.071380920,West,Mouse,7,5000,0.01,Returning,UPI,0,125.77,34650.0
ORD11004,2026-07-01 23:58:04.723148766,West,Laptop,10,8000,0.06,New,UPI,0,395.37,75200.0
ORD11005,2026-07-02 04:19:22.374916612,Central,Mouse,4,8000,0.01,New,Credit Card,0,387.25,31680.0
ORD11006,2026-07-02 08:40:40.026684456,Central,Printer,10,500,0.08,New,UPI,0,292.71,4600.0
ORD11007,2026-07-02 13:01:57.678452302,South,Mouse,8,800,0.13,Returning,UPI,0,439.63,5568.0
ORD11008,2026-07-02 17:23:15.330220148,North,Mouse,9,25000,0.2,New,Debit Card,1,109.46,180000.0
ORD11009,2026-07-02 21:44:32.981987992,West,Keyboard,7,55000,0.08,Returning,Net Banking,0,317.97,354200.0
ORD11010,2026-07-03 02:05:50.633755838,South,Monitor,5,800,0.18,Returning,Cash,0,252.2,3280.0
ORD11011,2026-07-03 06:27:08.285523682,North,Tablet,8,5000,0.05,New,UPI,0,240.03,38000.0
ORD11012,2026-07-03 10:48:25.937291528,East,Tablet,4,500,0.19,New,UPI,0,163.65,1620.0
ORD11013,2026-07-03 15:09:43.589059374,Central,Laptop,2,1200,0.06,New,Cash,0,217.53,2256.0
ORD11014,2026-07-03 19:31:01.240827218,North,Mouse,6,800,0.04,Returning,UPI,0,98.67,4608.0
ORD11015,2026-07-03 23:52:18.892595064,East,Laptop,9,1200,0.05,VIP,Debit Card,0,163.22,10260.0
ORD11016,2026-07-04 04:13:36.544362908,North,Keyboard,1,2500,0.05,New,Debit Card,0,172.38,2375.0
ORD11017,2026-07-04 08:34:54.196130754,Central,Keyboard,10,55000,0.13,VIP,Cash,0,374.3,478500.0
ORD11018,2026-07-04 12:56:11.847898600,Central,Phone,7,5000,0.21,New,UPI,0,71.85,27650.0
ORD11019,2026-07-04 17:17:29.499666444,South,Printer,10,25000,0.02,Returning,UPI,0,343.04,245000.0
ORD11020,2026-07-04 21:38:47.151434290,West,Keyboard,9,55000,0.18,Returning,Net Banking,0,149.63,405900.0
ORD11021,2026-07-05 02:00:04.803202136,North,Phone,10,1500,0.16,Returning,UPI,0,86.84,12600.0
ORD11022,2026-07-05 06:21:22.454969980,North,Monitor,9,8000,0.22,Returning,Debit Card,0,185.36,56160.0
ORD11023,2026-07-05 10:42:40.106737826,East,Laptop,10,5000,0.06,Returning,Credit Card,0,151.01,47000.0
ORD11024,2026-07-05 15:03:57.758505670,Central,Headphones,3,800,0.11,Returning,Credit Card,0,298.41,2136.0
ORD11025,2026-07-05 19:25:15.410273516,North,Monitor,5,55000,0.23,Returning,Credit Card,0,210.82,211750.0
ORD11026,2026-07-05 23:46:33.062041362,Central,Keyboard,8,12000,0.16,Returning,Credit Card,0,484.7,80640.0
ORD11027,2026-07-06 04:07:50.713809206,North,Monitor,8,8000,0.1,New,UPI,0,483.6,57600.0
ORD11028,2026-07-06 08:29:08.365577052,South,Monitor,4,8000,0.03,New,UPI,0,249.67,31040.0
ORD11029,2026-07-06 12:50:26.017344896,West,Printer,1,12000,0.07,Returning,Net Banking,0,407.79,11160.0
ORD11030,2026-07-06 17:11:43.669112742,North,Printer,1,500,0.15,Returning,UPI,0,55.97,425.0
ORD11031,2026-07-06 21:33:01.320880588,Central,Printer,4,500,0.18,Returning,Credit Card,0,296.52,1640.0
ORD11032,2026-07-07 01:54:18.972648432,South,Monitor,6,12000,0.03,Returning,Cash,0,384.48,69840.0
ORD11033,2026-07-07 06:15:36.624416278,North,Keyboard,8,1500,0.15,VIP,Cash,0,147.62,10200.0
ORD11034,2026-07-07 10:36:54.276184124,East,Headphones,6,2500,0.14,Returning,Debit Card,1,77.53,12900.0
ORD11035,2026-07-07 14:58:11.927951968,West,Mouse,9,12000,0.13,Returning,Debit Card,0,120.16,93960.0
ORD11036,2026-07-07 19:19:29.579719814,North,Monitor,9,2500,0.17,Returning,UPI,0,248.83,18675.0
ORD11037,2026-07-07 23:40:47.231487658,South,Phone,2,55000,0.21,New,Cash,0,277.87,86900.0
ORD11038,2026-07-08 04:02:04.883255504,East,Keyboard,10,1500,0.08,New,Credit Card,0,221.4,13800.0
ORD11039,2026-07-08 08:23:22.535023350,South,Monitor,1,5000,0.22,Returning,Credit Card,0,247.99,3900.0
ORD11040,2026-07-08 12:44:40.186791194,South,Headphones,2,2500,0.04,New,Credit Card,0,261.61,4800.0
ORD11041,2026-07-08 17:05:57.838559040,East,Mouse,5,8000,0.04,VIP,UPI,0,396.25,38400.0
ORD11042,2026-07-08 21:27:15.490326884,South,Printer,4,55000,0.07,New,UPI,0,97.36,204600.0
ORD11043,2026-07-09 01:48:33.142094730,East,Keyboard,4,8000,0.03,New,Net Banking,0,396.03,31040.0
ORD11044,2026-07-09 06:09:50.793862576,North,Tablet,9,1500,0.06,VIP,Credit Card,0,359.88,12690.0
ORD11045,2026-07-09 10:31:08.445630420,East,Mouse,8,2500,0.03,Returning,Credit Card,0,383.75,19400.0
ORD11046,2026-07-09 14:52:26.097398266,East,Phone,6,1200,0.21,New,UPI,0,380.51,5688.0
ORD11047,2026-07-09 19:13:43.749166112,West,Monitor,1,1500,0.03,Returning,UPI,0,261.77,1455.0
ORD11048,2026-07-09 23:35:01.400933956,East,Headphones,2,1500,0.19,Returning,Net Banking,0,145.13,2430.0
ORD11049,2026-07-10 03:56:19.052701802,East,Tablet,6,1200,0.01,Returning,Net Banking,0,291.48,7128.0
ORD11050,2026-07-10 08:17:36.704469646,North,Headphones,2,55000,0.24,New,Debit Card,1,481.09,83600.0
ORD11051,2026-07-10 12:38:54.356237492,West,Tablet,10,2500,0.18,Returning,Cash,0,314.84,20500.0
ORD11052,2026-07-10 17:00:12.008005338,Central,Keyboard,5,2500,0.0,VIP,Credit Card,0,54.97,12500.0
ORD11053,2026-07-10 21:21:29.659773182,North,Tablet,5,8000,0.19,New,Credit Card,0,76.87,32400.0
ORD11054,2026-07-11 01:42:47.311541028,North,Phone,6,1500,0.13,VIP,Net Banking,1,496.79,7830.0
ORD11055,2026-07-11 06:04:04.963308872,Central,Phone,6,1500,0.19,VIP,Net Banking,0,82.38,7290.0
ORD11056,2026-07-11 10:25:22.615076718,East,Laptop,6,25000,0.13,Returning,Debit Card,0,70.72,130500.0
ORD11057,2026-07-11 14:46:40.266844564,South,Phone,2,5000,0.16,Returning,Cash,0,208.86,8400.0
ORD11058,2026-07-11 19:07:57.918612408,West,Mouse,10,1500,0.2,New,Debit Card,0,486.19,12000.0
ORD11059,2026-07-11 23:29:15.570380254,South,Tablet,3,800,0.1,New,Cash,0,193.4,2160.0
ORD11060,2026-07-12 03:50:33.222148100,Central,Phone,6,5000,0.0,Returning,Credit Card,0,234.45,30000.0
ORD11061,2026-07-12 08:11:50.873915944,North,Keyboard,8,800,0.21,VIP,Debit Card,0,335.33,5056.0
ORD11062,2026-07-12 12:33:08.525683790,North,Headphones,1,2500,0.1,Returning,Net Banking,0,60.85,2250.0
ORD11063,2026-07-12 16:54:26.177451634,West,Printer,1,5000,0.12,Returning,Debit Card,0,453.99,4400.0
ORD11064,2026-07-12 21:15:43.829219480,North,Headphones,2,1500,0.0,New,Debit Card,0,283.75,3000.0
ORD11065,2026-07-13 01:37:01.480987326,North,Laptop,6,1200,0.12,New,Credit Card,0,260.06,6336.0
ORD11066,2026-07-13 05:58:19.132755170,West,Headphones,9,8000,0.25,New,Net Banking,0,437.33,54000.0
ORD11067,2026-07-13 10:19:36.784523016,West,Tablet,4,800,0.07,New,Net Banking,0,478.88,2976.0
ORD11068,2026-07-13 14:40:54.436290860,Central,Laptop,3,5000,0.1,Returning,UPI,1,240.54,13500.0
ORD11069,2026-07-13 19:02:12.088058706,North,Tablet,8,1500,0.17,New,UPI,0,127.6,9960.0
ORD11070,2026-07-13 23:23:29.739826552,North,Keyboard,10,5000,0.2,Returning,UPI,0,417.07,40000.0
ORD11071,2026-07-14 03:44:47.391594396,Central,Laptop,9,1500,0.1,New,Credit Card,0,231.47,12150.0
ORD11072,2026-07-14 08:06:05.043362242,East,Monitor,5,1500,0.08,Returning,Debit Card,0,471.0,6900.0
ORD11073,2026-07-14 12:27:22.695130088,East,Mouse,9,1500,0.23,Returning,Net Banking,1,477.45,10395.0
ORD11074,2026-07-14 16:48:40.346897932,East,Mouse,2,25000,0.17,New,Net Banking,0,101.67,41500.0
ORD11075,2026-07-14 21:09:57.998665778,Central,Tablet,3,8000,0.03,New,Debit Card,0,480.45,23280.0
ORD11076,2026-07-15 01:31:15.650433622,North,Headphones,7,1200,0.02,New,Net Banking,0,215.72,8232.0
ORD11077,2026-07-15 05:52:33.302201468,Central,Printer,7,1200,0.12,VIP,Debit Card,1,340.81,7392.0
ORD11078,2026-07-15 10:13:50.953969314,Central,Printer,6,5000,0.06,New,Credit Card,0,65.64,28200.0
ORD11079,2026-07-15 14:35:08.605737158,East,Monitor,6,5000,0.06,Returning,Credit Card,0,450.0,28200.0
ORD11080,2026-07-15 18:56:26.257505004,South,Laptop,2,1500,0.22,VIP,Credit Card,0,338.72,2340.0
ORD11081,2026-07-15 23:17:43.909272848,North,Monitor,10,25000,0.02,Returning,Debit Card,0,339.6,245000.0
ORD11082,2026-07-16 03:39:01.561040694,East,Monitor,6,1500,0.18,New,Debit Card,0,455.98,7380.0
ORD11083,2026-07-16 08:00:19.212808540,South,Headphones,4,25000,0.07,VIP,Cash,1,278.76,93000.0
ORD11084,2026-07-16 12:21:36.864576384,South,Printer,3,1500,0.19,New,Net Banking,1,234.73,3645.0
ORD11085,2026-07-16 16:42:54.516344230,West,Laptop,2,800,0.18,Returning,Net Banking,0,439.76,1312.0
ORD11086,2026-07-16 21:04:12.168112076,North,Keyboard,1,800,0.0,VIP,Cash,0,384.09,800.0
ORD11087,2026-07-17 01:25:29.819879920,South,Headphones,5,2500,0.13,Returning,Cash,0,477.04,10875.0
ORD11088,2026-07-17 05:46:47.471647766,East,Monitor,2,1500,0.03,New,Credit Card,1,473.05,2910.0
ORD11089,2026-07-17 10:08:05.123415610,West,Monitor,2,8000,0.22,New,Cash,0,222.05,12480.0
ORD11090,2026-07-17 14:29:22.775183456,North,Keyboard,7,2500,0.22,New,Debit Card,0,251.14,13650.0
ORD11091,2026-07-17 18:50:40.426951302,Central,Monitor,8,5000,0.1,Returning,UPI,1,165.19,36000.0
ORD11092,2026-07-17 23:11:58.078719146,East,Monitor,10,55000,0.11,New,Debit Card,0,347.29,489500.0
ORD11093,2026-07-18 03:33:15.730486992,South,Monitor,8,1500,0.08,VIP,Cash,0,214.04,11040.0
ORD11094,2026-07-18 07:54:33.382254836,South,Mouse,4,800,0.18,VIP,Net Banking,0,403.75,2624.0
ORD11095,2026-07-18 12:15:51.034022682,East,Headphones,1,55000,0.09,VIP,Debit Card,0,104.7,50050.0
ORD11096,2026-07-18 16:37:08.685790528,South,Phone,7,25000,0.07,New,Net Banking,0,102.38,162750.0
ORD11097,2026-07-18 20:58:26.337558372,West,Headphones,1,55000,0.11,Returning,Debit Card,0,142.0,48950.0
ORD11098,2026-07-19 01:19:43.989326218,North,Keyboard,4,8000,0.02,VIP,Net Banking,0,87.93,31360.0
ORD11099,2026-07-19 05:41:01.641094064,West,Monitor,8,1500,0.19,VIP,Debit Card,0,329.01,9720.0
ORD11100,2026-07-19 10:02:19.292861908,South,Headphones,2,1200,0.0,New,Net Banking,0,116.31,2400.0
ORD11101,2026-07-19 14:23:36.944629754,Central,Mouse,6,55000,0.16,New,UPI,0,121.98,277200.0
ORD11102,2026-07-19 18:44:54.596397598,North,Printer,6,1200,0.05,New,Credit Card,1,56.4,6840.0
ORD11103,2026-07-19 23:06:12.248165444,North,Keyboard,9,25000,0.06,Returning,Debit Card,0,401.94,211500.0
ORD11104,2026-07-20 03:27:29.899933290,East,Tablet,5,2500,0.16,Returning,UPI,0,415.53,10500.0
ORD11105,2026-07-20 07:48:47.551701134,East,Headphones,10,1200,0.25,Returning,Credit Card,0,122.91,9000.0
ORD11106,2026-07-20 12:10:05.203468980,Central,Tablet,4,2500,0.19,New,Debit Card,1,382.79,8100.0
ORD11107,2026-07-20 16:31:22.855236824,North,Monitor,5,800,0.06,New,UPI,0,245.1,3760.0
ORD11108,2026-07-20 20:52:40.507004670,Central,Mouse,10,1500,0.04,New,UPI,0,157.82,14400.0
ORD11109,2026-07-21 01:13:58.158772516,East,Mouse,5,55000,0.22,New,UPI,1,329.62,214500.0
ORD11110,2026-07-21 05:35:15.810540360,East,Headphones,8,800,0.11,New,Cash,0,130.32,5696.0
ORD11111,2026-07-21 09:56:33.462308206,North,Keyboard,10,800,0.03,Returning,Net Banking,1,390.6,7760.0
ORD11112,2026-07-21 14:17:51.114076052,West,Keyboard,8,12000,0.22,Returning,Credit Card,1,71.43,74880.0
ORD11113,2026-07-21 18:39:08.765843896,South,Mouse,2,500,0.2,Returning,Net Banking,1,481.61,800.0
ORD11114,2026-07-21 23:00:26.417611742,East,Keyboard,7,8000,0.25,New,Net Banking,0,82.34,42000.0
ORD11115,2026-07-22 03:21:44.069379586,East,Mouse,8,2500,0.23,New,Net Banking,0,310.75,15400.0
ORD11116,2026-07-22 07:43:01.721147432,West,Headphones,6,12000,0.21,Returning,UPI,0,455.99,56880.0
ORD11117,2026-07-22 12:04:19.372915278,West,Phone,5,500,0.01,VIP,Net Banking,0,55.36,2475.0
ORD11118,2026-07-22 16:25:37.024683122,Central,Mouse,9,8000,0.03,New,Cash,0,274.33,69840.0
ORD11119,2026-07-22 20:46:54.676450968,Central,Tablet,3,2500,0.14,Returning,Debit Card,0,207.5,6450.0
ORD11120,2026-07-23 01:08:12.328218812,South,Keyboard,10,1500,0.13,New,UPI,0,311.15,13050.0
ORD11121,2026-07-23 05:29:29.979986658,South,Mouse,4,8000,0.11,VIP,Credit Card,0,151.46,28480.0
ORD11122,2026-07-23 09:50:47.631754504,North,Mouse,9,55000,0.1,Returning,Debit Card,0,79.2,445500.0
ORD11123,2026-07-23 14:12:05.283522348,Central,Headphones,6,800,0.11,New,Debit Card,0,331.67,4272.0
ORD11124,2026-07-23 18:33:22.935290194,East,Keyboard,8,500,0.14,Returning,Debit Card,0,237.58,3440.0
ORD11125,2026-07-23 22:54:40.587058040,Central,Phone,7,500,0.0,New,Net Banking,0,330.12,3500.0
ORD11126,2026-07-24 03:15:58.238825884,East,Headphones,2,500,0.07,VIP,Net Banking,0,144.74,930.0
ORD11127,2026-07-24 07:37:15.890593730,West,Phone,3,2500,0.13,New,UPI,0,202.43,6525.0
ORD11128,2026-07-24 11:58:33.542361574,Central,Printer,1,55000,0.18,Returning,Net Banking,0,302.76,45100.0
ORD11129,2026-07-24 16:19:51.194129420,West,Headphones,9,8000,0.04,Returning,Net Banking,0,316.9,69120.0
ORD11130,2026-07-24 20:41:08.845897266,South,Keyboard,7,800,0.14,Returning,Net Banking,0,217.54,4816.0
ORD11131,2026-07-25 01:02:26.497665110,South,Laptop,1,55000,0.18,New,UPI,0,176.02,45100.0
ORD11132,2026-07-25 05:23:44.149432956,North,Keyboard,3,12000,0.11,Returning,UPI,0,173.17,32040.0
ORD11133,2026-07-25 09:45:01.801200800,Central,Keyboard,4,1500,0.01,New,Cash,0,128.61,5940.0
ORD11134,2026-07-25 14:06:19.452968646,West,Phone,4,1200,0.11,New,Cash,0,196.43,4272.0
ORD11135,2026-07-25 18:27:37.104736492,East,Phone,5,55000,0.07,Returning,Cash,0,139.75,255750.0
ORD11136,2026-07-25 22:48:54.756504336,South,Keyboard,3,12000,0.23,New,Cash,0,335.22,27720.0
ORD11137,2026-07-26 03:10:12.408272182,South,Keyboard,3,800,0.03,New,Debit Card,1,306.08,2328.0
ORD11138,2026-07-26 07:31:30.060040028,East,Keyboard,1,1200,0.16,Returning,Debit Card,0,222.16,1008.0
ORD11139,2026-07-26 11:52:47.711807872,West,Phone,7,1200,0.01,New,Cash,1,196.62,8316.0
ORD11140,2026-07-26 16:14:05.363575718,West,Keyboard,10,55000,0.11,Returning,Cash,0,156.93,489500.0
ORD11141,2026-07-26 20:35:23.015343562,Central,Keyboard,1,500,0.14,New,Credit Card,0,290.96,430.0
ORD11142,2026-07-27 00:56:40.667111408,Central,Printer,2,5000,0.07,New,Debit Card,0,463.51,9300.0
ORD11143,2026-07-27 05:17:58.318879254,North,Monitor,4,800,0.11,New,Credit Card,0,358.57,2848.0
ORD11144,2026-07-27 09:39:15.970647098,South,Laptop,4,500,0.04,Returning,Credit Card,0,384.99,1920.0
ORD11145,2026-07-27 14:00:33.622414944,Central,Tablet,5,800,0.08,Returning,Net Banking,0,425.47,3680.0
ORD11146,2026-07-27 18:21:51.274182788,West,Laptop,2,5000,0.16,New,UPI,0,208.24,8400.0
ORD11147,2026-07-27 22:43:08.925950634,East,Monitor,4,1500,0.08,New,Debit Card,0,78.29,5520.0
ORD11148,2026-07-28 03:04:26.577718480,West,Tablet,1,5000,0.22,VIP,Cash,0,330.15,3900.0
ORD11149,2026-07-28 07:25:44.229486324,South,Headphones,2,25000,0.16,New,Cash,0,134.9,42000.0
ORD11150,2026-07-28 11:47:01.881254170,West,Keyboard,1,55000,0.11,VIP,UPI,1,306.07,48950.0
ORD11151,2026-07-28 16:08:19.533022016,North,Monitor,10,55000,0.01,New,Debit Card,0,382.78,544500.0
ORD11152,2026-07-28 20:29:37.184789860,South,Printer,10,12000,0.12,Returning,Cash,0,402.64,105600.0
ORD11153,2026-07-29 00:50:54.836557704,East,Headphones,4,500,0.19,New,Cash,0,185.83,1620.0
ORD11154,2026-07-29 05:12:12.488325552,North,Keyboard,4,12000,0.07,VIP,Net Banking,0,280.59,44640.0
ORD11155,2026-07-29 09:33:30.140093396,South,Phone,7,25000,0.2,Returning,Credit Card,0,329.43,140000.0
ORD11156,2026-07-29 13:54:47.791861240,East,Mouse,10,5000,0.06,New,Cash,0,418.77,47000.0
ORD11157,2026-07-29 18:16:05.443629088,North,Monitor,9,55000,0.21,New,Debit Card,0,392.62,391050.0
ORD11158,2026-07-29 22:37:23.095396932,North,Phone,9,2500,0.02,Returning,UPI,1,494.59,22050.0
ORD11159,2026-07-30 02:58:40.747164776,South,Monitor,5,5000,0.22,Returning,Net Banking,0,53.64,19500.0
ORD11160,2026-07-30 07:19:58.398932624,Central,Printer,10,5000,0.12,New,Debit Card,1,246.87,44000.0
ORD11161,2026-07-30 11:41:16.050700468,North,Monitor,1,25000,0.07,New,Net Banking,1,165.22,23250.0
ORD11162,2026-07-30 16:02:33.702468312,North,Phone,1,1500,0.07,Returning,Credit Card,0,103.95,1395.0
ORD11163,2026-07-30 20:23:51.354236156,East,Printer,6,800,0.11,New,Cash,0,460.18,4272.0
ORD11164,2026-07-31 00:45:09.006004004,West,Tablet,2,25000,0.25,Returning,Debit Card,0,499.08,37500.0
ORD11165,2026-07-31 05:06:26.657771848,South,Laptop,8,800,0.06,Returning,UPI,0,131.27,6016.0
ORD11166,2026-07-31 09:27:44.309539692,South,Keyboard,9,55000,0.03,VIP,Credit Card,0,67.3,480150.0
ORD11167,2026-07-31 13:49:01.961307540,Central,Monitor,4,25000,0.15,VIP,Credit Card,0,173.77,85000.0
ORD11168,2026-07-31 18:10:19.613075384,Central,Keyboard,5,800,0.12,VIP,Net Banking,0,425.69,3520.0
ORD11169,2026-07-31 22:31:37.264843228,South,Mouse,8,12000,0.13,New,Credit Card,0,182.25,83520.0
ORD11170,2026-08-01 02:52:54.916611076,Central,Phone,3,25000,0.17,VIP,Debit Card,0,75.61,62250.0
ORD11171,2026-08-01 07:14:12.568378920,East,Keyboard,5,55000,0.07,New,Net Banking,0,73.62,255750.0
ORD11172,2026-08-01 11:35:30.220146764,South,Phone,3,25000,0.23,Returning,Credit Card,0,242.34,57750.0
ORD11173,2026-08-01 15:56:47.871914612,Central,Keyboard,10,55000,0.11,Returning,UPI,0,469.32,489500.0
ORD11174,2026-08-01 20:18:05.523682456,South,Laptop,3,25000,0.03,New,Debit Card,0,178.66,72750.0
ORD11175,2026-08-02 00:39:23.175450300,West,Laptop,3,800,0.19,VIP,UPI,0,242.22,1944.0
ORD11176,2026-08-02 05:00:40.827218144,North,Printer,7,1500,0.16,New,UPI,0,95.87,8820.0
ORD11177,2026-08-02 09:21:58.478985992,South,Laptop,7,8000,0.08,Returning,Net Banking,0,272.11,51520.0
ORD11178,2026-08-02 13:43:16.130753836,North,Printer,7,800,0.16,Returning,Cash,0,363.45,4704.0
ORD11179,2026-08-02 18:04:33.782521680,Central,Laptop,10,500,0.05,Returning,Net Banking,0,172.02,4750.0
ORD11180,2026-08-02 22:25:51.434289528,North,Laptop,8,1200,0.11,New,Debit Card,0,183.52,8544.0
ORD11181,2026-08-03 02:47:09.086057372,South,Laptop,5,1500,0.22,New,Debit Card,0,428.89,5850.0
ORD11182,2026-08-03 07:08:26.737825216,West,Phone,5,12000,0.03,,Net Banking,0,54.66,58200.0
ORD11183,2026-08-03 11:29:44.389593064,Central,Monitor,4,5000,,New,Cash,0,336.41,18000.0
ORD11184,2026-08-03 15:51:02.041360908,South,Printer,7,800,0.21,Returning,Net Banking,0,227.25,4424.0
ORD11185,2026-08-03 20:12:19.693128752,Central,Keyboard,10,25000,0.24,New,Debit Card,0,184.27,190000.0
ORD11186,2026-08-04 00:33:37.344896600,East,Laptop,4,800,0.11,Returning,Cash,0,345.92,2848.0
ORD11187,2026-08-04 04:54:54.996664444,North,Phone,2,2500,0.13,VIP,Debit Card,0,425.6,4350.0
ORD11188,2026-08-04 09:16:12.648432288,East,Phone,4,1500,0.14,Returning,Cash,0,301.28,5160.0
ORD11189,2026-08-04 13:37:30.300200132,South,Phone,8,8000,0.23,Returning,Cash,0,63.99,49280.0
ORD11190,2026-08-04 17:58:47.951967980,West,Printer,9,12000,0.21,New,Net Banking,0,257.63,85320.0
ORD11191,2026-08-04 22:20:05.603735824,Central,Monitor,3,2500,0.04,Returning,Net Banking,0,258.24,7200.0
ORD11192,2026-08-05 02:41:23.255503668,North,Printer,7,55000,0.11,New,Net Banking,0,294.71,342650.0
ORD11193,2026-08-05 07:02:40.907271516,Central,Keyboard,9,2500,0.12,New,Cash,0,351.93,19800.0
ORD11194,2026-08-05 11:23:58.559039360,South,Monitor,4,800,0.2,New,Cash,0,58.69,2560.0
ORD11195,2026-08-05 15:45:16.210807204,Central,Tablet,10,12000,0.15,Returning,Debit Card,0,275.91,102000.0
ORD11196,2026-08-05 20:06:33.862575052,North,Headphones,3,800,0.16,Returning,UPI,0,314.74,2016.0
ORD11197,2026-08-06 00:27:51.514342896,South,Phone,5,55000,0.25,New,Net Banking,0,204.51,206250.0
ORD11198,2026-08-06 04:49:09.166110740,Central,Printer,1,5000,0.02,New,Debit Card,0,350.76,4900.0
ORD11199,2026-08-06 09:10:26.817878588,West,Tablet,3,12000,0.06,New,Debit Card,0,152.68,33840.0
ORD11200,2026-08-06 13:31:44.469646432,South,Mouse,8,5000,0.1,VIP,Credit Card,0,192.82,36000.0
ORD11201,2026-08-06 17:53:02.121414276,South,Printer,8,1500,0.09,Returning,Net Banking,0,483.24,10920.0
ORD11202,2026-08-06 22:14:19.773182120,West,Laptop,4,1500,0.01,New,Debit Card,0,206.63,5940.0
ORD11203,2026-08-07 02:35:37.424949968,East,Headphones,2,5000,0.02,New,Credit Card,1,205.93,9800.0
ORD11204,2026-08-07 06:56:55.076717812,North,Laptop,8,1500,0.17,VIP,Net Banking,0,318.06,9960.0
ORD11205,2026-08-07 11:18:12.728485656,East,Monitor,8,12000,0.22,New,Cash,0,486.94,74880.0
ORD11206,2026-08-07 15:39:30.380253504,Central,Headphones,10,25000,0.13,Returning,Credit Card,0,492.39,217500.0
ORD11207,2026-08-07 20:00:48.032021348,West,Printer,4,500,0.13,New,Cash,0,310.85,1740.0
ORD11208,2026-08-08 00:22:05.683789192,East,Keyboard,3,1500,0.06,VIP,UPI,0,50.49,4230.0
ORD11209,2026-08-08 04:43:23.335557040,South,Tablet,2,1500,0.19,VIP,UPI,1,455.3,2430.0
ORD11210,2026-08-08 09:04:40.987324884,Central,Keyboard,9,800,0.19,Returning,UPI,0,306.61,5832.0
ORD11211,2026-08-08 13:25:58.639092728,Central,Printer,1,5000,0.15,New,UPI,0,214.7,4250.0
ORD11212,2026-08-08 17:47:16.290860576,East,Monitor,7,1200,0.05,New,Debit Card,0,423.14,7980.0
ORD11213,2026-08-08 22:08:33.942628420,East,Laptop,5,8000,0.02,New,UPI,0,229.92,39200.0
ORD11214,2026-08-09 02:29:51.594396264,West,Headphones,8,2500,0.02,Returning,Debit Card,1,65.32,19600.0
ORD11215,2026-08-09 06:51:09.246164108,North,Keyboard,4,1500,0.15,New,Debit Card,0,419.48,5100.0
ORD11216,2026-08-09 11:12:26.897931956,East,Printer,7,2500,0.21,New,Net Banking,0,295.64,13825.0
ORD11217,2026-08-09 15:33:44.549699800,East,Keyboard,5,12000,0.21,Returning,Debit Card,0,202.16,47400.0
ORD11218,2026-08-09 19:55:02.201467644,South,Printer,5,1200,0.12,Returning,Debit Card,0,162.9,5280.0
ORD11219,2026-08-10 00:16:19.853235492,Central,Laptop,9,8000,0.2,New,UPI,0,317.21,57600.0
ORD11220,2026-08-10 04:37:37.505003336,North,Headphones,9,5000,0.24,New,Debit Card,0,143.62,34200.0
ORD11221,2026-08-10 08:58:55.156771180,South,Tablet,9,500,0.07,VIP,Cash,0,195.73,4185.0
ORD11222,2026-08-10 13:20:12.808539028,West,Laptop,6,8000,0.1,Returning,UPI,0,336.44,43200.0
ORD11223,2026-08-10 17:41:30.460306872,West,Keyboard,6,8000,0.23,Returning,Credit Card,0,446.7,36960.0
ORD11224,2026-08-10 22:02:48.112074716,East,Tablet,5,500,0.08,Returning,UPI,0,289.8,2300.0
ORD11225,2026-08-11 02:24:05.763842564,East,Printer,9,25000,0.23,New,Debit Card,0,391.6,173250.0
ORD11226,2026-08-11 06:45:23.415610408,West,Tablet,10,5000,0.25,New,Cash,0,393.38,37500.0
ORD11227,2026-08-11 11:06:41.067378252,East,Printer,8,800,0.17,New,UPI,0,348.96,5312.0
ORD11228,2026-08-11 15:27:58.719146096,North,Laptop,7,2500,0.2,Returning,Cash,0,160.63,14000.0
ORD11229,2026-08-11 19:49:16.370913944,East,Keyboard,7,1500,0.19,Returning,Credit Card,0,440.05,8505.0
ORD11230,2026-08-12 00:10:34.022681788,Central,Monitor,6,8000,0.17,New,Credit Card,0,246.32,39840.0
ORD11231,2026-08-12 04:31:51.674449632,East,Keyboard,5,12000,0.08,VIP,Net Banking,0,69.89,55200.0
ORD11232,2026-08-12 08:53:09.326217480,South,Printer,4,500,0.01,New,Net Banking,0,160.08,1980.0
ORD11233,2026-08-12 13:14:26.977985324,North,Phone,3,2500,0.09,VIP,UPI,0,394.5,6825.0
ORD11234,2026-08-12 17:35:44.629753168,South,Headphones,3,1200,0.17,VIP,Net Banking,0,81.11,2988.0
ORD11235,2026-08-12 21:57:02.281521016,South,Mouse,6,500,0.03,New,Cash,1,116.31,2910.0
ORD11236,2026-08-13 02:18:19.933288860,Central,Monitor,4,1200,0.0,New,Net Banking,0,362.4,4800.0
ORD11237,2026-08-13 06:39:37.585056704,North,Tablet,6,5000,0.03,Returning,Cash,0,451.67,29100.0
ORD11238,2026-08-13 11:00:55.236824552,North,Monitor,3,8000,0.18,Returning,Net Banking,0,335.18,19680.0
ORD11239,2026-08-13 15:22:12.888592396,North,Headphones,4,12000,0.24,Returning,Net Banking,0,150.03,36480.0
ORD11240,2026-08-13 19:43:30.540360240,North,Tablet,9,1500,0.25,VIP,Net Banking,0,74.04,10125.0
ORD11241,2026-08-14 00:04:48.192128084,North,Headphones,5,1200,0.12,Returning,Debit Card,0,326.81,5280.0
ORD11242,2026-08-14 04:26:05.843895932,Central,Tablet,7,2500,0.22,New,Debit Card,0,71.33,13650.0
ORD11243,2026-08-14 08:47:23.495663776,East,Monitor,10,25000,0.18,New,Net Banking,0,325.72,205000.0
ORD11244,2026-08-14 13:08:41.147431620,South,Tablet,2,5000,0.13,Returning,Cash,0,151.51,8700.0
ORD11245,2026-08-14 17:29:58.799199468,North,Tablet,5,25000,0.14,New,UPI,0,457.1,107500.0
ORD11246,2026-08-14 21:51:16.450967312,East,Phone,9,5000,0.03,Returning,Credit Card,0,263.79,43650.0
ORD11247,2026-08-15 02:12:34.102735156,East,Keyboard,3,800,0.23,New,Debit Card,0,150.77,1848.0
ORD11248,2026-08-15 06:33:51.754503004,South,Keyboard,9,2500,0.09,New,Net Banking,0,433.92,20475.0
ORD11249,2026-08-15 10:55:09.406270848,Central,Mouse,6,25000,0.11,New,Credit Card,0,164.32,133500.0
ORD11250,2026-08-15 15:16:27.058038692,West,Mouse,4,12000,0.17,Returning,Debit Card,0,187.97,39840.0
ORD11251,2026-08-15 19:37:44.709806540,West,Printer,7,8000,0.08,New,UPI,1,425.43,51520.0
ORD11252,2026-08-15 23:59:02.361574384,East,Printer,8,500,0.06,Returning,Cash,0,188.96,3760.0
ORD11253,2026-08-16 04:20:20.013342228,South,Printer,6,1500,0.16,Returning,Net Banking,0,234.57,7560.0
ORD11254,2026-08-16 08:41:37.665110072,West,Phone,5,8000,0.01,Returning,UPI,0,206.45,39600.0
ORD11255,2026-08-16 13:02:55.316877920,East,Mouse,6,8000,0.18,Returning,Debit Card,0,102.38,39360.0
ORD11256,2026-08-16 17:24:12.968645764,Central,Headphones,5,5000,0.13,New,Net Banking,1,67.5,21750.0
ORD11257,2026-08-16 21:45:30.620413608,West,Printer,8,12000,0.15,Returning,Credit Card,0,376.04,81600.0
ORD11258,2026-08-17 02:06:48.272181456,East,Printer,1,5000,0.16,New,Cash,0,340.31,4200.0
ORD11259,2026-08-17 06:28:05.923949300,East,Monitor,7,55000,0.13,Returning,Debit Card,0,177.06,334950.0
ORD11260,2026-08-17 10:49:23.575717144,North,Laptop,10,1200,0.15,New,Cash,0,183.02,10200.0
ORD11261,2026-08-17 15:10:41.227484992,Central,Headphones,10,1500,0.17,Returning,Net Banking,0,475.25,12450.0
ORD11262,2026-08-17 19:31:58.879252836,North,Printer,2,1200,0.19,VIP,UPI,0,494.45,1944.0
ORD11263,2026-08-17 23:53:16.531020680,South,Printer,9,500,0.18,Returning,Cash,0,263.05,3690.0
ORD11264,2026-08-18 04:14:34.182788528,North,Printer,1,55000,0.22,Returning,Credit Card,0,411.1,42900.0
ORD11265,2026-08-18 08:35:51.834556372,North,Laptop,10,2500,0.05,Returning,Debit Card,0,381.51,23750.0
ORD11266,2026-08-18 12:57:09.486324216,West,Laptop,6,500,0.1,New,Credit Card,0,183.79,2700.0
ORD11267,2026-08-18 17:18:27.138092060,East,Phone,9,500,0.24,VIP,Cash,0,76.35,3420.0
ORD11268,2026-08-18 21:39:44.789859908,Central,Headphones,1,800,0.1,New,UPI,0,114.15,720.0
ORD11269,2026-08-19 02:01:02.441627752,North,Phone,4,1500,0.03,VIP,UPI,0,427.23,5820.0
ORD11270,2026-08-19 06:22:20.093395596,Central,Tablet,4,5000,0.13,Returning,Credit Card,0,379.05,17400.0
ORD11271,2026-08-19 10:43:37.745163444,North,Laptop,9,12000,0.03,Returning,Net Banking,0,348.95,104760.0
ORD11272,2026-08-19 15:04:55.396931288,South,Monitor,5,1200,0.05,Returning,Net Banking,0,108.79,5700.0
ORD11273,2026-08-19 19:26:13.048699132,North,Mouse,5,500,0.25,Returning,UPI,0,337.97,1875.0
ORD11274,2026-08-19 23:47:30.700466980,West,Monitor,6,1200,0.14,Returning,Credit Card,0,397.47,6192.0
ORD11275,2026-08-20 04:08:48.352234824,East,Mouse,1,1200,0.07,New,Credit Card,0,437.27,1116.0
ORD11276,2026-08-20 08:30:06.004002668,South,Laptop,1,2500,0.25,Returning,Credit Card,0,55.95,1875.0
ORD11277,2026-08-20 12:51:23.655770516,North,Laptop,9,1500,0.24,Returning,Cash,0,358.01,10260.0
ORD11278,2026-08-20 17:12:41.307538360,Central,Laptop,3,1500,0.11,VIP,Net Banking,1,58.59,4005.0
ORD11279,2026-08-20 21:33:58.959306204,South,Phone,4,25000,0.07,Returning,Net Banking,1,368.09,93000.0
ORD11280,2026-08-21 01:55:16.611074048,South,Headphones,1,8000,0.21,New,Cash,0,336.03,6320.0
ORD11281,2026-08-21 06:16:34.262841896,North,Mouse,9,1500,0.18,New,Debit Card,0,116.76,11070.0
ORD11282,2026-08-21 10:37:51.914609740,South,Headphones,8,1200,0.17,Returning,Cash,0,394.75,7968.0
ORD11283,2026-08-21 14:59:09.566377584,Central,Phone,2,5000,0.22,New,Credit Card,0,80.76,7800.0
ORD11284,2026-08-21 19:20:27.218145432,South,Phone,8,1200,0.17,New,Cash,0,421.88,7968.0
ORD11285,2026-08-21 23:41:44.869913276,Central,Keyboard,7,5000,0.07,Returning,Credit Card,0,167.87,32550.0
ORD11286,2026-08-22 04:03:02.521681120,North,Monitor,6,25000,0.17,Returning,UPI,0,359.98,124500.0
ORD11287,2026-08-22 08:24:20.173448968,East,Monitor,1,5000,0.08,Returning,Credit Card,0,465.66,4600.0
ORD11288,2026-08-22 12:45:37.825216812,South,Tablet,7,1500,0.19,New,Net Banking,1,202.92,8505.0
ORD11289,2026-08-22 17:06:55.476984656,East,Printer,10,2500,0.15,Returning,Cash,0,276.3,21250.0
ORD11290,2026-08-22 21:28:13.128752504,Central,Phone,7,5000,0.02,New,Credit Card,0,258.4,34300.0
ORD11291,2026-08-23 01:49:30.780520348,South,Mouse,9,1200,0.13,Returning,Debit Card,0,120.93,9396.0
ORD11292,2026-08-23 06:10:48.432288192,West,Keyboard,1,12000,0.09,New,UPI,0,315.64,10920.0
ORD11293,2026-08-23 10:32:06.084056036,East,Keyboard,2,1500,0.08,VIP,Debit Card,0,384.35,2760.0
ORD11294,2026-08-23 14:53:23.735823884,South,Printer,9,12000,0.15,Returning,Debit Card,1,462.59,91800.0
ORD11295,2026-08-23 19:14:41.387591728,East,Headphones,9,55000,0.08,New,Debit Card,0,432.86,455400.0
ORD11296,2026-08-23 23:35:59.039359572,South,Printer,6,55000,0.19,Returning,UPI,0,279.51,267300.0
ORD11297,2026-08-24 03:57:16.691127420,North,Printer,6,1200,0.02,Returning,UPI,0,373.56,7056.0
ORD11298,2026-08-24 08:18:34.342895264,East,Printer,4,55000,0.17,New,UPI,0,410.35,182600.0
ORD11299,2026-08-24 12:39:51.994663108,West,Monitor,4,8000,0.2,Returning,UPI,0,272.07,25600.0
ORD11300,2026-08-24 17:01:09.646430956,West,Phone,5,25000,0.17,New,Debit Card,0,101.94,103750.0
ORD11301,2026-08-24 21:22:27.298198800,Central,Tablet,3,1500,0.12,VIP,Net Banking,0,247.07,3960.0
ORD11302,2026-08-25 01:43:44.949966644,South,Phone,1,12000,0.24,Returning,Net Banking,0,429.12,9120.0
ORD11303,2026-08-25 06:05:02.601734492,East,Headphones,1,1200,0.07,New,UPI,0,318.49,1116.0
ORD11304,2026-08-25 10:26:20.253502336,Central,Laptop,7,8000,0.0,Returning,Cash,0,376.01,56000.0
ORD11305,2026-08-25 14:47:37.905270180,East,Printer,1,1200,0.11,New,Credit Card,1,133.37,1068.0
ORD11306,2026-08-25 19:08:55.557038024,South,Phone,1,8000,0.01,New,Cash,0,483.95,7920.0
ORD11307,2026-08-25 23:30:13.208805872,West,Headphones,3,55000,0.24,VIP,Cash,0,231.84,125400.0
ORD11308,2026-08-26 03:51:30.860573716,North,Laptop,10,55000,0.05,Returning,Cash,0,344.14,522500.0
ORD11309,2026-08-26 08:12:48.512341560,West,Laptop,4,5000,0.2,Returning,Net Banking,1,58.49,16000.0
ORD11310,2026-08-26 12:34:06.164109408,Central,Printer,4,800,0.19,New,Credit Card,0,107.29,2592.0
ORD11311,2026-08-26 16:55:23.815877252,North,Tablet,2,1200,0.05,New,Cash,0,401.92,2280.0
ORD11312,2026-08-26 21:16:41.467645096,Central,Mouse,1,5000,0.16,VIP,UPI,0,485.59,4200.0
ORD11313,2026-08-27 01:37:59.119412944,South,Monitor,3,1500,0.01,New,Net Banking,0,194.02,4455.0
ORD11314,2026-08-27 05:59:16.771180788,North,Phone,4,5000,0.12,New,UPI,0,66.73,17600.0
ORD11315,2026-08-27 10:20:34.422948632,Central,Laptop,3,500,0.0,Returning,UPI,0,212.39,1500.0
ORD11316,2026-08-27 14:41:52.074716480,South,Phone,8,55000,0.23,Returning,Cash,0,57.86,338800.0
ORD11317,2026-08-27 19:03:09.726484324,West,Mouse,10,500,0.24,Returning,UPI,0,136.57,3800.0
ORD11318,2026-08-27 23:24:27.378252168,South,Monitor,1,1200,0.06,New,Credit Card,1,388.61,1128.0
ORD11319,2026-08-28 03:45:45.030020012,East,Mouse,2,12000,0.05,New,UPI,0,471.69,22800.0
ORD11320,2026-08-28 08:07:02.681787860,South,Monitor,7,12000,0.19,New,Cash,0,89.35,68040.0
ORD11321,2026-08-28 12:28:20.333555704,South,Keyboard,4,1500,0.06,VIP,UPI,0,301.06,5640.0
ORD11322,2026-08-28 16:49:37.985323548,East,Monitor,8,5000,0.22,New,Net Banking,0,164.25,31200.0
ORD11323,2026-08-28 21:10:55.637091396,Central,Printer,3,12000,0.14,Returning,Net Banking,0,112.58,30960.0
ORD11324,2026-08-29 01:32:13.288859240,Central,Tablet,6,8000,0.09,Returning,Net Banking,0,148.54,43680.0
ORD11325,2026-08-29 05:53:30.940627084,South,Mouse,9,8000,0.21,Returning,Debit Card,0,309.99,56880.0
ORD11326,2026-08-29 10:14:48.592394932,East,Laptop,1,1500,0.12,VIP,Net Banking,0,79.31,1320.0
ORD11327,2026-08-29 14:36:06.244162776,East,Printer,1,25000,0.23,New,Net Banking,0,245.4,19250.0
ORD11328,2026-08-29 18:57:23.895930620,West,Keyboard,8,55000,0.23,New,Debit Card,0,110.85,338800.0
ORD11329,2026-08-29 23:18:41.547698468,Central,Tablet,3,5000,0.04,Returning,Net Banking,0,172.7,14400.0
ORD11330,2026-08-30 03:39:59.199466312,North,Phone,5,1200,0.0,New,Cash,0,135.84,6000.0
ORD11331,2026-08-30 08:01:16.851234156,Central,Printer,1,2500,0.25,Returning,Net Banking,0,447.34,1875.0
ORD11332,2026-08-30 12:22:34.503002000,Central,Mouse,5,2500,0.23,Returning,Net Banking,0,368.61,9625.0
ORD11333,2026-08-30 16:43:52.154769848,West,Headphones,6,2500,0.01,VIP,Debit Card,0,440.81,14850.0
ORD11334,2026-08-30 21:05:09.806537692,North,Headphones,8,12000,0.21,New,Cash,0,222.56,75840.0
ORD11335,2026-08-31 01:26:27.458305536,West,Laptop,3,25000,0.11,VIP,UPI,0,191.04,66750.0
ORD11336,2026-08-31 05:47:45.110073384,North,Monitor,3,25000,0.06,New,Credit Card,0,221.26,70500.0
ORD11337,2026-08-31 10:09:02.761841228,South,Laptop,10,5000,0.22,Returning,Cash,1,58.35,39000.0
ORD11338,2026-08-31 14:30:20.413609072,North,Headphones,9,5000,0.05,New,UPI,0,376.12,42750.0
ORD11339,2026-08-31 18:51:38.065376920,West,Phone,4,25000,0.24,Returning,Cash,0,207.4,76000.0
ORD11340,2026-08-31 23:12:55.717144764,Central,Keyboard,4,1500,0.05,New,UPI,0,191.0,5700.0
ORD11341,2026-09-01 03:34:13.368912608,North,Keyboard,7,5000,0.15,VIP,UPI,0,319.16,29750.0
ORD11342,2026-09-01 07:55:31.020680456,North,Mouse,2,1500,0.06,VIP,Cash,0,246.31,2820.0
ORD11343,2026-09-01 12:16:48.672448300,East,Keyboard,8,500,0.14,VIP,Debit Card,0,491.38,3440.0
ORD11344,2026-09-01 16:38:06.324216144,Central,Mouse,6,8000,0.17,New,Cash,0,210.31,39840.0
ORD11345,2026-09-01 20:59:23.975983988,South,Printer,3,55000,0.05,VIP,Cash,0,326.25,156750.0
ORD11346,2026-09-02 01:20:41.627751836,West,Mouse,9,5000,0.13,Returning,UPI,1,190.24,39150.0
ORD11347,2026-09-02 05:41:59.279519680,South,Printer,5,25000,0.12,New,Credit Card,0,495.77,110000.0
ORD11348,2026-09-02 10:03:16.931287524,Central,Mouse,8,8000,0.02,New,UPI,0,250.3,62720.0
ORD11349,2026-09-02 14:24:34.583055372,North,Headphones,7,8000,0.2,New,Net Banking,0,335.36,44800.0
ORD11350,2026-09-02 18:45:52.234823216,North,Headphones,8,800,0.08,New,Cash,1,107.02,5888.0
ORD11351,2026-09-02 23:07:09.886591060,Central,Monitor,7,25000,0.14,Returning,Cash,0,379.86,150500.0
ORD11352,2026-09-03 03:28:27.538358908,North,Printer,3,55000,0.13,VIP,Debit Card,0,171.14,143550.0
ORD11353,2026-09-03 07:49:45.190126752,North,Tablet,2,25000,0.13,New,UPI,0,251.88,43500.0
ORD11354,2026-09-03 12:11:02.841894596,North,Printer,7,5000,0.03,Returning,Debit Card,0,447.41,33950.0
ORD11355,2026-09-03 16:32:20.493662444,West,Mouse,3,1200,0.11,VIP,Cash,0,486.75,3204.0
ORD11356,2026-09-03 20:53:38.145430288,West,Mouse,3,500,0.11,New,UPI,0,241.06,1335.0
ORD11357,2026-09-04 01:14:55.797198132,East,Tablet,2,1500,0.18,VIP,UPI,0,425.66,2460.0
ORD11358,2026-09-04 05:36:13.448965976,South,Laptop,4,1200,0.21,Returning,Net Banking,1,74.01,3792.0
ORD11359,2026-09-04 09:57:31.100733824,Central,Mouse,8,500,0.14,Returning,Net Banking,0,431.41,3440.0
ORD11360,2026-09-04 14:18:48.752501668,Central,Monitor,1,1200,0.02,New,Credit Card,1,333.28,1176.0
ORD11361,2026-09-04 18:40:06.404269512,Central,Keyboard,1,1500,0.06,Returning,Net Banking,1,269.92,1410.0
ORD11362,2026-09-04 23:01:24.056037360,East,Keyboard,5,12000,0.04,New,UPI,0,450.48,57600.0
ORD11363,2026-09-05 03:22:41.707805204,West,Phone,5,25000,,Returning,Net Banking,0,430.4,121250.0
ORD11364,2026-09-05 07:43:59.359573048,East,Phone,1,1200,0.09,New,Credit Card,0,183.63,1092.0
ORD11365,2026-09-05 12:05:17.011340896,Central,Keyboard,6,5000,0.06,VIP,Cash,0,406.17,28200.0
ORD11366,2026-09-05 16:26:34.663108740,South,Keyboard,1,55000,0.05,New,Net Banking,0,94.77,52250.0
ORD11367,2026-09-05 20:47:52.314876584,North,Headphones,5,2500,0.01,New,UPI,0,420.24,12375.0
ORD11368,2026-09-06 01:09:09.966644432,West,Monitor,9,5000,0.0,Returning,Cash,0,353.96,45000.0
ORD11369,2026-09-06 05:30:27.618412276,West,Tablet,5,1500,0.03,New,UPI,0,89.54,7275.0
ORD11370,2026-09-06 09:51:45.270180120,East,Phone,6,55000,0.04,Returning,Cash,0,357.39,316800.0
ORD11371,2026-09-06 14:13:02.921947964,West,Headphones,8,5000,0.11,VIP,UPI,1,311.23,35600.0
ORD11372,2026-09-06 18:34:20.573715812,Central,Headphones,1,8000,0.13,Returning,Net Banking,0,317.55,6960.0
ORD11373,2026-09-06 22:55:38.225483656,Central,Tablet,2,25000,0.04,New,Net Banking,1,180.89,48000.0
ORD11374,2026-09-07 03:16:55.877251500,East,Headphones,9,55000,0.11,Returning,Credit Card,0,169.92,440550.0
ORD11375,2026-09-07 07:38:13.529019348,Central,Printer,3,8000,0.09,Returning,Cash,0,393.14,21840.0
ORD11376,2026-09-07 11:59:31.180787192,South,Monitor,6,5000,0.05,Returning,Credit Card,0,165.57,28500.0
ORD11377,2026-09-07 16:20:48.832555036,East,Keyboard,5,500,0.0,New,Debit Card,0,250.82,2500.0
ORD11378,2026-09-07 20:42:06.484322884,South,Mouse,2,800,0.12,Returning,Net Banking,0,362.66,1408.0
ORD11379,2026-09-08 01:03:24.136090728,North,Tablet,7,500,0.17,Returning,Cash,0,85.83,2905.0
ORD11380,2026-09-08 05:24:41.787858572,South,Keyboard,4,25000,0.06,New,Credit Card,0,317.55,94000.0
ORD11381,2026-09-08 09:45:59.439626420,North,Keyboard,1,55000,0.03,New,Credit Card,0,315.22,53350.0
ORD11382,2026-09-08 14:07:17.091394264,North,Laptop,4,55000,0.22,New,Debit Card,0,357.9,171600.0
ORD11383,2026-09-08 18:28:34.743162108,South,Printer,6,25000,0.07,Returning,Credit Card,0,216.47,139500.0
ORD11384,2026-09-08 22:49:52.394929952,East,Tablet,7,8000,0.06,VIP,UPI,0,252.04,52640.0
ORD11385,2026-09-09 03:11:10.046697800,Central,Headphones,7,800,0.21,Returning,Net Banking,0,198.49,4424.0
ORD11386,2026-09-09 07:32:27.698465644,Central,Mouse,7,5000,0.2,New,Credit Card,1,413.68,28000.0
ORD11387,2026-09-09 11:53:45.350233488,North,Tablet,3,1500,0.11,New,Credit Card,0,108.77,4005.0
ORD11388,2026-09-09 16:15:03.002001336,North,Headphones,6,500,0.12,VIP,Debit Card,1,483.33,2640.0
ORD11389,2026-09-09 20:36:20.653769180,East,Keyboard,8,500,0.05,VIP,UPI,0,335.68,3800.0
ORD11390,2026-09-10 00:57:38.305537024,West,Mouse,4,2500,0.02,VIP,Credit Card,0,449.11,9800.0
ORD11391,2026-09-10 05:18:55.957304872,South,Headphones,8,800,0.14,Returning,Net Banking,0,241.8,5504.0
ORD11392,2026-09-10 09:40:13.609072716,North,Monitor,2,1500,0.02,New,Net Banking,0,199.53,2940.0
ORD11393,2026-09-10 14:01:31.260840560,Central,Headphones,10,500,0.11,Returning,Credit Card,0,455.33,4450.0
ORD11394,2026-09-10 18:22:48.912608408,East,Laptop,9,1500,0.24,New,UPI,0,94.49,10260.0
ORD11395,2026-09-10 22:44:06.564376252,South,Printer,9,5000,0.24,New,Net Banking,0,102.7,34200.0
ORD11396,2026-09-11 03:05:24.216144096,East,Keyboard,8,55000,0.06,Returning,Net Banking,0,184.71,413600.0
ORD11397,2026-09-11 07:26:41.867911940,South,Headphones,10,1500,0.16,New,UPI,0,481.9,12600.0
ORD11398,2026-09-11 11:47:59.519679788,South,Printer,10,500,0.12,New,UPI,0,334.88,4400.0
ORD11399,2026-09-11 16:09:17.171447632,North,Phone,1,8000,0.22,New,Credit Card,0,299.39,6240.0
ORD11400,2026-09-11 20:30:34.823215476,East,Phone,2,800,0.07,New,Cash,0,367.41,1488.0
ORD11401,2026-09-12 00:51:52.474983324,East,Printer,6,25000,0.0,VIP,Debit Card,0,237.86,150000.0
ORD11402,2026-09-12 05:13:10.126751168,Central,Printer,10,1200,0.04,New,Cash,1,391.13,11520.0
ORD11403,2026-09-12 09:34:27.778519012,Central,Laptop,5,12000,0.09,New,Cash,0,226.95,54600.0
ORD11404,2026-09-12 13:55:45.430286860,North,Monitor,9,12000,0.08,New,Net Banking,0,421.86,99360.0
ORD11405,2026-09-12 18:17:03.082054704,North,Keyboard,5,1200,0.2,New,UPI,1,170.28,4800.0
ORD11406,2026-09-12 22:38:20.733822548,West,Tablet,2,1500,0.17,New,Net Banking,0,174.9,2490.0
ORD11407,2026-09-13 02:59:38.385590396,Central,Laptop,10,800,0.07,Returning,Debit Card,0,285.07,7440.0
ORD11408,2026-09-13 07:20:56.037358240,South,Monitor,4,1500,0.11,New,Credit Card,0,243.84,5340.0
ORD11409,2026-09-13 11:42:13.689126084,East,Printer,9,25000,0.02,Returning,Debit Card,0,341.65,220500.0
ORD11410,2026-09-13 16:03:31.340893928,North,Tablet,1,800,0.22,VIP,Net Banking,0,213.93,624.0
ORD11411,2026-09-13 20:24:48.992661776,East,Printer,1,1200,0.23,Returning,Net Banking,0,153.75,924.0
ORD11412,2026-09-14 00:46:06.644429620,East,Printer,7,1500,0.24,New,Net Banking,0,261.41,7980.0
ORD11413,2026-09-14 05:07:24.296197464,West,Phone,3,2500,0.22,New,Net Banking,0,302.43,5850.0
ORD11414,2026-09-14 09:28:41.947965312,Central,Phone,10,500,0.04,VIP,Cash,1,114.17,4800.0
ORD11415,2026-09-14 13:49:59.599733156,North,Tablet,2,8000,0.01,Returning,Credit Card,0,300.52,15840.0
ORD11416,2026-09-14 18:11:17.251501000,East,Laptop,9,55000,0.14,Returning,Cash,0,193.67,425700.0
ORD11417,2026-09-14 22:32:34.903268848,North,Phone,3,8000,0.23,VIP,Net Banking,0,226.6,18480.0
ORD11418,2026-09-15 02:53:52.555036692,South,Keyboard,2,25000,0.04,VIP,UPI,0,175.69,48000.0
ORD11419,2026-09-15 07:15:10.206804536,West,Printer,8,1500,0.0,VIP,Cash,0,469.13,12000.0
ORD11420,2026-09-15 11:36:27.858572384,South,Mouse,10,5000,0.2,Returning,Net Banking,0,357.5,40000.0
ORD11421,2026-09-15 15:57:45.510340228,North,Headphones,6,800,0.02,New,Net Banking,0,168.11,4704.0
ORD11422,2026-09-15 20:19:03.162108072,North,Tablet,6,1500,0.1,VIP,Credit Card,0,340.26,8100.0
ORD11423,2026-09-16 00:40:20.813875916,Central,Tablet,10,800,0.17,Returning,Debit Card,0,431.86,6640.0
ORD11424,2026-09-16 05:01:38.465643764,East,Phone,7,55000,0.06,New,Cash,0,230.73,361900.0
ORD11425,2026-09-16 09:22:56.117411608,East,Laptop,7,2500,0.02,Returning,Cash,0,423.48,17150.0
ORD11426,2026-09-16 13:44:13.769179452,South,Printer,6,8000,0.19,Returning,Cash,0,119.49,38880.0
ORD11427,2026-09-16 18:05:31.420947300,West,Keyboard,4,500,0.16,VIP,Net Banking,1,420.25,1680.0
ORD11428,2026-09-16 22:26:49.072715144,East,Laptop,9,55000,0.25,Returning,Credit Card,0,293.13,371250.0
ORD11429,2026-09-17 02:48:06.724482988,Central,Monitor,6,55000,0.09,New,Net Banking,0,150.34,300300.0
ORD11430,2026-09-17 07:09:24.376250836,South,Monitor,4,8000,0.02,VIP,Net Banking,0,233.21,31360.0
ORD11431,2026-09-17 11:30:42.028018680,South,Mouse,3,55000,0.18,Returning,UPI,0,494.6,135300.0
ORD11432,2026-09-17 15:51:59.679786524,Central,Phone,4,5000,0.13,Returning,Credit Card,0,402.6,17400.0
ORD11433,2026-09-17 20:13:17.331554372,West,Phone,3,5000,0.05,New,Cash,0,308.79,14250.0
ORD11434,2026-09-18 00:34:34.983322216,Central,Phone,2,12000,0.2,New,Debit Card,0,101.82,19200.0
ORD11435,2026-09-18 04:55:52.635090060,West,Mouse,5,12000,0.05,Returning,Cash,0,238.02,57000.0
ORD11436,2026-09-18 09:17:10.286857904,Central,Monitor,2,5000,0.07,New,Net Banking,0,168.37,9300.0
ORD11437,2026-09-18 13:38:27.938625752,Central,Laptop,6,1200,0.02,New,Credit Card,0,81.95,7056.0
ORD11438,2026-09-18 17:59:45.590393596,North,Mouse,3,2500,0.1,Returning,Credit Card,1,293.99,6750.0
ORD11439,2026-09-18 22:21:03.242161440,South,Mouse,6,800,0.1,Returning,Credit Card,0,450.13,4320.0
ORD11440,2026-09-19 02:42:20.893929288,Central,Laptop,10,2500,0.13,New,UPI,0,354.02,21750.0
ORD11441,2026-09-19 07:03:38.545697132,Central,Phone,9,25000,0.18,New,Cash,0,162.36,184500.0
ORD11442,2026-09-19 11:24:56.197464976,East,Keyboard,1,55000,0.23,New,UPI,0,308.11,42350.0
ORD11443,2026-09-19 15:46:13.849232824,South,Laptop,6,500,0.03,Returning,Debit Card,0,474.46,2910.0
ORD11444,2026-09-19 20:07:31.501000668,East,Monitor,9,55000,0.01,New,Net Banking,0,375.31,490050.0
ORD11445,2026-09-20 00:28:49.152768512,South,Tablet,4,2500,0.0,New,UPI,0,360.26,10000.0
ORD11446,2026-09-20 04:50:06.804536360,East,Printer,2,5000,0.04,Returning,UPI,1,485.67,9600.0
ORD11447,2026-09-20 09:11:24.456304204,Central,Tablet,4,8000,0.16,VIP,Net Banking,0,409.49,26880.0
ORD11448,2026-09-20 13:32:42.108072048,Central,Headphones,1,25000,0.18,Returning,Credit Card,1,111.48,20500.0
ORD11449,2026-09-20 17:53:59.759839892,North,Headphones,3,5000,0.2,New,Net Banking,0,206.44,12000.0
ORD11450,2026-09-20 22:15:17.411607740,East,Mouse,10,2500,0.06,New,Cash,0,484.31,23500.0
ORD11451,2026-09-21 02:36:35.063375584,West,Printer,9,8000,0.08,VIP,Net Banking,0,270.37,66240.0
ORD11452,2026-09-21 06:57:52.715143428,North,Tablet,10,500,0.12,New,Credit Card,0,100.24,4400.0
ORD11453,2026-09-21 11:19:10.366911276,East,Keyboard,5,2500,0.02,Returning,Net Banking,0,256.37,12250.0
ORD11454,2026-09-21 15:40:28.018679120,East,Phone,6,800,0.15,New,UPI,0,363.65,4080.0
ORD11455,2026-09-21 20:01:45.670446964,North,Monitor,3,1500,0.25,New,Debit Card,0,498.9,3375.0
ORD11456,2026-09-22 00:23:03.322214812,Central,Headphones,5,8000,0.09,Returning,UPI,0,195.76,36400.0
ORD11457,2026-09-22 04:44:20.973982656,East,Keyboard,8,2500,0.19,Returning,Debit Card,1,281.34,16200.0
ORD11458,2026-09-22 09:05:38.625750500,Central,Monitor,6,5000,0.13,Returning,Net Banking,0,445.86,26100.0
ORD11459,2026-09-22 13:26:56.277518348,North,Monitor,4,800,0.03,New,Cash,1,209.87,3104.0
ORD11460,2026-09-22 17:48:13.929286192,Central,Phone,2,1200,0.15,New,Net Banking,0,99.17,2040.0
ORD11461,2026-09-22 22:09:31.581054036,South,Printer,9,8000,0.07,Returning,Credit Card,1,477.02,66960.0
ORD11462,2026-09-23 02:30:49.232821880,West,Mouse,1,800,0.01,Returning,Net Banking,0,269.8,792.0
ORD11463,2026-09-23 06:52:06.884589728,East,Tablet,1,5000,0.16,New,Debit Card,0,276.25,4200.0
ORD11464,2026-09-23 11:13:24.536357572,West,Phone,4,2500,0.21,New,UPI,0,329.54,7900.0
ORD11465,2026-09-23 15:34:42.188125416,Central,Keyboard,7,55000,0.09,New,Cash,0,51.59,350350.0
ORD11466,2026-09-23 19:55:59.839893264,East,Mouse,1,500,0.1,VIP,Net Banking,0,469.01,450.0
ORD11467,2026-09-24 00:17:17.491661108,Central,Keyboard,9,55000,0.22,Returning,Net Banking,0,212.65,386100.0
ORD11468,2026-09-24 04:38:35.143428952,South,Mouse,4,1500,0.2,VIP,UPI,0,228.62,4800.0
ORD11469,2026-09-24 08:59:52.795196800,North,Printer,3,800,0.18,New,Cash,0,128.35,1968.0
ORD11470,2026-09-24 13:21:10.446964644,East,Headphones,1,1500,0.06,VIP,Net Banking,0,220.17,1410.0
ORD11471,2026-09-24 17:42:28.098732488,South,Keyboard,10,500,0.23,New,Net Banking,0,411.77,3850.0
ORD11472,2026-09-24 22:03:45.750500336,South,Phone,4,800,0.04,Returning,Debit Card,0,410.0,3072.0
ORD11473,2026-09-25 02:25:03.402268180,East,Mouse,9,12000,0.16,Returning,Debit Card,1,471.11,90720.0
ORD11474,2026-09-25 06:46:21.054036024,Central,Mouse,10,5000,0.01,New,Credit Card,0,231.45,49500.0
ORD11475,2026-09-25 11:07:38.705803868,South,Monitor,6,800,0.16,New,UPI,0,368.92,4032.0
ORD11476,2026-09-25 15:28:56.357571716,West,Monitor,6,5000,0.07,New,Cash,1,278.26,27900.0
ORD11477,2026-09-25 19:50:14.009339560,South,Laptop,1,55000,0.11,New,Net Banking,0,411.81,48950.0
ORD11478,2026-09-26 00:11:31.661107404,Central,Keyboard,10,25000,0.09,Returning,Net Banking,0,370.64,227500.0
ORD11479,2026-09-26 04:32:49.312875252,Central,Monitor,2,8000,0.04,Returning,Credit Card,0,215.56,15360.0
ORD11480,2026-09-26 08:54:06.964643096,West,Laptop,6,25000,0.16,Returning,Net Banking,0,201.5,126000.0
ORD11481,2026-09-26 13:15:24.616410940,South,Headphones,2,2500,0.22,Returning,UPI,0,163.6,3900.0
ORD11482,2026-09-26 17:36:42.268178788,Central,Headphones,3,8000,0.24,Returning,Credit Card,0,309.43,18240.0
ORD11483,2026-09-26 21:57:59.919946632,East,Monitor,4,8000,0.05,New,UPI,0,483.73,30400.0
ORD11484,2026-09-27 02:19:17.571714476,North,Keyboard,5,1200,0.18,New,Credit Card,0,140.03,4920.0
ORD11485,2026-09-27 06:40:35.223482324,North,Mouse,9,8000,0.17,VIP,Net Banking,0,92.86,59760.0
ORD11486,2026-09-27 11:01:52.875250168,North,Tablet,4,500,0.09,New,Credit Card,1,103.73,1820.0
ORD11487,2026-09-27 15:23:10.527018012,South,Printer,9,25000,0.0,Returning,Debit Card,0,402.39,225000.0
ORD11488,2026-09-27 19:44:28.178785856,West,Keyboard,10,55000,0.17,New,Cash,1,207.55,456500.0
ORD11489,2026-09-28 00:05:45.830553704,Central,Printer,3,5000,0.24,Returning,Net Banking,1,150.97,11400.0
ORD11490,2026-09-28 04:27:03.482321548,East,Phone,8,2500,0.16,Returning,Cash,0,208.78,16800.0
ORD11491,2026-09-28 08:48:21.134089392,East,Headphones,1,8000,0.11,New,Net Banking,0,340.4,7120.0
ORD11492,2026-09-28 13:09:38.785857240,South,Monitor,9,2500,0.13,New,Cash,0,296.05,19575.0
ORD11493,2026-09-28 17:30:56.437625084,North,Monitor,9,55000,0.05,Returning,Debit Card,0,384.62,470250.0
ORD11494,2026-09-28 21:52:14.089392928,South,Printer,10,2500,0.19,New,Cash,0,202.58,20250.0
ORD11495,2026-09-29 02:13:31.741160776,West,Mouse,2,55000,0.19,New,Credit Card,1,253.41,89100.0
ORD11496,2026-09-29 06:34:49.392928620,West,Printer,4,8000,,Returning,Cash,0,95.89,30720.0
ORD11497,2026-09-29 10:56:07.044696464,Central,Phone,8,55000,0.22,New,Net Banking,0,82.88,343200.0
ORD11498,2026-09-29 15:17:24.696464312,Central,Mouse,7,8000,0.07,VIP,UPI,0,258.01,52080.0
ORD11499,2026-09-29 19:38:42.348232156,West,Phone,1,1200,0.25,Returning,Cash,0,185.72,900.0
ORD11500,2026-09-30 00:00:00.000000000,West,Tablet,5,1200,0.1,New,Cash,0,325.76,5400.0
ORD10001,2026-01-01 00:00:00.000000000,West,Printer,3,8000,0.19,New,UPI,0,215.5,19440.0
ORD10002,2026-01-01 04:21:17.651767845,Central,Monitor,1,1500,0.06,New,Debit Card,0,61.45,1410.0
ORD10003,2026-01-01 08:42:35.303535690,East,Phone,3,500,0.15,New,Debit Card,0,339.24,1275.0
ORD10004,2026-01-01 13:03:52.955303535,Central,Monitor,6,25000,0.1,New,,1,451.73,135000.0
ORD10005,2026-01-01 17:25:10.607071380,Central,Tablet,8,2500,0.21,Returning,UPI,1,448.19,15800.0
